,daily_returns_tlt,daily_returns_tlt_volume,daily_returns_tsla,daily_returns_tsla_volume,target,gnews_&_stockapi_mean_compound
2018-07-03,,,-0.07206046497746743,,0,-0.016739999999999988
2018-07-05,0.005108767303889206,-0.6257008363901304,-0.005836461368298962,-0.3568867717175299,0,-0.45045
2018-07-06,0.0028693228398097848,0.04414969776677835,-0.0006470188605997018,0.4562804042061255,0,-0.4238222222222222
2018-07-09,0.0031063516717075856,0.19946818659446763,0.030364831180602847,-0.4926552727264929,1,0.12203703703703705
2018-07-10,-0.006111971314481268,0.20165850244383532,0.012818498853246929,-0.1908067811588512,1,0.09772619047619042
2018-07-11,-8.199409642495326e-05,-0.0792389370206954,-0.010764028910878909,0.23605527307881236,0,-0.01638108108108112
2018-07-12,0.003936039360393551,-0.003372305994808089,-0.006835998745688188,-0.4735313068852073,0,-0.19086666666666666
2018-07-13,-0.00016335865392480553,-0.20316937888646014,0.0065673149785299145,0.177076395870019,1,-0.5340222222222222
2018-07-16,0.002614165509353894,-0.008870900086100919,-0.02700752823086583,0.08786286635006713,0,0.4335833333333334
2018-07-17,-0.004318422553572843,0.22036572786950193,0.040233405332215755,0.28544373905689824,1,0.5571277777777778
2018-07-18,-0.0018821603927987596,-0.22631168169336768,0.004121858245266008,-0.11252977702869882,1,0.18735555555555553
2018-07-19,-0.0037714192014429715,0.7594753232046805,-0.011635802469135759,-0.20265688718432195,0,0.05116129032258061
2018-07-20,0.006007735988807328,-0.08198499413967664,-0.020797551759672794,0.07041037897959823,0,-0.33966666666666673
2018-07-23,-0.012025523560209361,0.5598112624419154,-0.03307076569824918,-0.12751432842323496,0,-0.08640238095238097
2018-07-24,-0.012171896994286668,-3.495818127563499e-05,-0.01906332453825843,1.0182478582756151,0,-0.059813043478260886
2018-07-25,0.0031852472757754047,-0.1564530688737703,0.038027032479322154,-0.09167740126153279,1,0.05569999999999999
2018-07-26,-0.0017546791443850962,-0.051797072087139906,-0.007709001392802728,-0.25289402822214246,0,0.28697999999999996
2018-07-27,-0.0014229513685444228,-0.008446269742408252,-0.02990044067243358,-0.36784010698519887,0,0.2986
2018-07-30,0.0014249790444258448,-0.39517731867520156,-0.02358760388976744,0.21513722709278338,0,-0.1479
2018-07-31,-0.0032644178454842576,0.5125071416021916,0.02746571093803829,0.20604939463734473,1,-0.04426428571428572
2018-08-01,0.005122606650990846,0.056239275614491824,0.011199060875398237,-0.27337567156317555,1,0.13930851063829786
2018-08-02,-0.010109449410978355,0.6524283686085208,0.15888075518509792,0.47880992927972144,1,0.14232291666666666
2018-08-03,0.0014348413234301916,-0.6210612137687572,-0.0031191523049612924,2.1886702688191537,0,0.18127142857142858
2018-08-06,0.004719764011799299,0.36498029670085197,-0.018087855297157618,-0.4141344942603187,0,0.24938604651162793
2018-08-07,0.0005871990604815469,-0.34446407640439414,0.10988304093567236,-0.35671758343766624,1,0.20473425925925928
2018-08-08,-0.004946344735077157,0.12300806442936163,-0.024237314927024523,2.6889021301817255,0,0.14544420289855076
2018-08-09,0.0007582778667116763,0.037247034849020366,-0.048922728009071825,-0.28329289454737516,0,0.07855210084033618
2018-08-10,0.008418925745074857,0.35925214271039096,0.009280077215692906,-0.2891947556706521,1,-0.03777777777777778
2018-08-13,0.0073468024711971225,0.09466195765563246,0.002477997575444091,-0.2888188729799749,1,0.2098928571428571
2018-08-14,-0.0016575501408917503,-0.08283052052890605,-0.024606492522656565,-0.14943246866917925,0,0.17641136363636356
2018-08-15,-0.0025734683712435036,-0.43961008362040954,-0.025543665861235798,-0.30590115880575364,0,0.1874961538461538
2018-08-16,0.0053266749895963805,0.9036126801574182,-0.009770929271460616,0.3004821349407034,0,-0.0061623376623376695
2018-08-17,0.0003311532411622853,-0.2632423621147447,-0.08925324191384709,-0.37219828762318286,0,-0.007808771929824581
2018-08-20,0.0012414135562359707,-0.27085230725617115,0.009590520768550936,2.3461377751853094,1,0.0447188679245283
2018-08-21,0.006612663250123996,0.3358774166796743,0.04363895733367906,-0.1473721327760973,1,0.11087540983606557
2018-08-22,-0.0031203810149449396,-0.17032522481578172,-0.0011804908356631838,-0.17683891137123153,0,0.014286111111111123
2018-08-23,0.0037067545304776406,-0.06126161880136194,-0.004385419258521872,-0.5223092896198722,0,0.03794600000000001
2018-08-24,0.0015592942141979815,0.18538207060488188,0.00843460060604162,-0.17831497792552486,1,-0.05942857142857142
2018-08-27,0.001966568338249708,0.09359296986393129,-0.010129797713825384,-0.3049342250795405,0,-0.1376688888888889
2018-08-28,-0.005969905135754017,0.17815647317070282,-0.02406584465168682,2.705584978596814,0,-0.11492600000000001
2018-08-29,-0.005676676264911529,-0.20798522486718818,-0.02235048901715575,-0.3937036168911273,0,-0.11132999999999997
2018-08-30,0.001199735230845489,0.05301233360488844,-0.00572356336919444,-0.053065817615311706,0,0.16858571428571428
2018-08-31,0.002189992149084663,0.037486719414066894,-0.00489880746202187,-0.027244305111735034,0,0.19321875000000002
2018-09-04,-0.00230889750144303,1.0499791984532565,-0.04196916956737928,-0.2726886549299773,0,0.118285
2018-09-05,-0.008182494421026476,0.6315146630988391,-0.028690612131907822,0.5520767106683475,0,0.13714814814814816
2018-09-06,-0.0024999999999999467,-0.4678152187735487,0.0011072370481233218,-0.11952093787166918,1,0.10520588235294122
2018-09-07,0.0035087719298245723,-0.3160808522959976,-0.06323451698252192,0.004366589840808954,0,0.11288367346938777
2018-09-10,-0.008325008325008376,0.29035936977029597,0.08440966418477425,1.8596991359719208,1,-0.01995
2018-09-11,0.0036098052384150314,-0.40661884900635237,-0.021123800182161978,-0.30131292407947685,0,0.07831636363636364
2018-09-12,-0.007026348808030103,0.13564195521326683,0.03983108470815577,-0.39200384468501726,1,0.06440652173913043
2018-09-13,0.0020217336365935257,-0.3274304121546324,-0.0039234581497796794,0.10060090395015142,0,0.12221034482758623
2018-09-14,0.0013451029844471218,0.24850668563290856,0.019660009674521417,-0.3734045133589621,1,-0.10460000000000001
2018-09-17,-0.004617580387876741,0.152696310114516,-0.0010843414320084177,0.07618986574310993,0,0.022803999999999994
2018-09-18,4.2172739541213033e-05,-0.12122650658758183,-0.03344753892601515,0.010752089745707627,0,0.1363746987951807
2018-09-19,-0.010584911230126948,1.0310092850709394,0.04952093496648313,1.4967744515620982,1,0.15925671641791042
2018-09-20,-0.005967095729264349,0.22655248514552184,-0.0024077046548957037,-0.5236020809461818,0,0.3145771428571428
2018-09-21,0.004630820684332404,-0.2449660699055174,0.0023129525341913926,-0.09474734506935423,1,0.41565
2018-09-24,-0.0002560819462228414,-0.4200106300534395,0.002407946222534374,-0.38848437316929496,1,0.23907500000000004
2018-09-25,-0.002732240437158584,-0.038938402839069464,0.0044039635672104005,0.06752726309269552,1,0.23587500000000006
2018-09-26,-0.0009417808219177592,0.01278644625383607,0.02828898854010964,-0.065147304088366,1,-0.3299666666666667
2018-09-27,0.006941468849087418,1.0208053308272227,-0.0068043560283028715,0.7535690061761733,0,-0.32652500000000007
2018-09-28,0.0008510638297871687,-0.4190120945088923,-0.13900995251414805,-0.4461191377050099,0,-0.3693544117647059
2018-10-01,-0.0027210884353741083,1.0909800925266153,0.1723504079782412,6.618131525512385,1,0.20307611940298506
2018-10-02,-0.009635061391541577,0.3793423024370537,-0.03043262231725652,-0.39371958870341794,0,0.13528247422680414
2018-10-03,0.006543263021954182,-0.5051481331173198,-0.01950814223994679,-0.4417066607804664,0,0.18043285714285714
2018-10-04,-0.017791463518946227,1.4985247026797661,-0.04470731789987459,-0.26036660953677837,0,-0.07634035087719299
2018-10-05,-0.006966820517286365,-0.29616973442888817,-0.07043003122338909,0.13436236090899323,0,-0.14324814814814815
2018-10-08,-0.008594229588704816,0.12212708256382943,-0.043703958166342316,0.8695980669380079,0,-0.044844000000000044
2018-10-09,-0.003361344537815114,-0.7412563069231439,0.048974215694100875,-0.2591046824637172,1,0.012602439024390242
2018-10-10,0.010029289074287684,1.665045581317195,-0.022525779079943797,-0.07638825968947738,0,0.07983571428571427
2018-10-11,-0.002636203866432263,0.41673186453696665,-0.017750788275137097,0.0561813284758832,0,0.2607370370370371
2018-10-12,0.012070484581497842,0.04444185005593804,0.027028098125470468,-0.378629573699823,1,0.4911
2018-10-15,-0.003395142334813306,-0.5665843661326981,0.0015820953115956993,-0.12164969824787797,1,0.26466923076923077
2018-10-16,0.0,-0.0737453691802129,0.0654184003698568,-0.08415143566477157,1,0.21742571428571436
2018-10-17,0.0015723270440251014,-0.27093456512953906,-0.01714037752223918,0.4413457317746414,0,0.11503750000000001
2018-10-18,-0.005843362986220124,0.263548852595763,-0.028881530537159805,-0.07413661400489369,0,0.09953088235294122
2018-10-19,-8.772699359582692e-05,-0.014499162140017008,-0.014813411630990592,-0.3825801510317772,0,0.1023661016949153
2018-10-22,-0.002193367257413592,0.9720127530022167,0.0034610059990769493,0.7639880899254377,1,-0.07548571428571431
2018-10-23,-0.0014068407632111812,-0.7070719169096531,0.1276921897754273,-0.43437109609668456,1,-0.028120895522388056
2018-10-24,0.002993748349035874,2.232591937707178,-0.018419085162781235,2.5001952842507156,0,0.2055274193548387
2018-10-25,0.007462031428320692,0.574745312444972,0.08991136961639667,-0.14214201300660922,1,0.19949821428571426
2018-10-26,-0.003938654583478529,-0.2481170912206635,0.050252533274038225,0.30299756971951064,1,0.2288858695652174
2018-10-29,0.0057038877418902345,0.5850769313770117,0.018631098206454366,0.38640353769732805,1,-0.04579333333333334
2018-10-30,-0.0021746694502435826,-0.5976898751528616,-0.020725080910953486,-0.4704820766160043,0,-0.01997872340425531
2018-10-31,-0.004358817888588606,0.28237531626252244,0.022649404202419454,-0.3632627172173718,1,0.09523636363636363
2018-11-01,-0.005516154452324673,-0.14181083536342065,0.020279886148007575,-0.21138455688145064,1,0.26275135135135136
2018-11-02,-0.0015847860538826808,-0.3886566226509135,0.006770893874229911,0.11557554007739324,1,0.25917894736842106
2018-11-05,-0.012257495590828893,0.9275836755666054,-0.01495165247510466,-0.03298753854562597,0,0.32732857142857147
2018-11-06,0.003838942951522206,-0.628297745443894,-0.0006153485510006496,0.24578101934440055,0,0.24051176470588237
2018-11-07,-0.0007114905727498844,-0.1222172501866935,0.020427490764088452,-0.14319586889068348,1,0.23517500000000002
2018-11-08,0.0015129939480242882,1.89240359460194,0.0093757093558835,0.12678114701976262,1,0.11521470588235296
2018-11-09,-0.00026659557451347293,-0.32660921733826,-0.0021634546955507927,-0.2712508106268058,0,0.1636444444444445
2018-11-12,0.007555555555555538,-0.06419757744541821,-0.05528770718626075,-0.25850266854005244,0,-0.19256666666666664
2018-11-13,0.006528451698279758,-0.04606611910068603,0.022527555488449424,0.38480293151289136,1,-0.03331666666666666
2018-11-14,-0.0008765010079762048,0.01773601164110805,0.016361005286317454,-0.2975826765504114,1,0.15671333333333334
2018-11-15,0.0008772699359593794,0.5286741676952427,0.012378323405491942,0.2567526508737188,1,0.24993478260869556
2018-11-16,-0.0004382505039880469,-0.12945688916811993,0.01687666829310297,-0.09120429806798125,1,0.3730933333333332
2018-11-19,0.005349000350754141,0.046586964916357276,-0.0022859804115273885,0.6035931300089945,0,0.031071428571428576
2018-11-20,0.0030963802878325453,-0.2540641059047598,-0.016267110934957807,0.3306210902022846,0,0.13249
2018-11-21,0.0003912873353333346,0.07894642546213482,-0.02752135277370371,-0.18243243172215629,0,0.13523333333333332
2018-11-23,-0.0002607561929596214,-0.24183061401526618,-0.03595930920274437,-0.4074605861466646,0,0.133425
2018-11-26,0.0009563554164493393,-0.41922993193265856,0.061165644171779165,-0.12173545851625034,1,-0.25688571428571433
2018-11-27,-0.0022583166854859282,1.1266790704655292,-0.005868069607446347,0.9061760715677256,0,-0.23487727272727274
2018-11-28,0.0013058239749281775,0.015958687697075424,0.01151464045825934,-0.22453356920046696,1,-0.05565263157894735
2018-11-29,-0.005390366892714216,0.3105665502883088,-0.019260068416362408,-0.33272001797156636,0,-0.09006666666666666
2018-11-30,0.004283216783216748,-0.12034557728032569,0.027024650467508682,-0.24783201809932986,1,-0.005030000000000002
2018-12-03,0.0036556706414831996,0.3087399839926477,0.02354519249978604,0.7853972243896445,1,-0.056552941176470584
2018-12-04,0.004856473853091625,-0.008113927975693103,0.002658376087441461,0.49976600339961896,1,0.07841739130434783
2018-12-06,0.016829205143695347,0.8138862824506445,0.009640332664615059,0.026197654408061988,1,0.04609000000000002
2018-12-07,0.0030555084026482326,-0.06883700022850237,-0.014294882388586005,-0.06563928130452257,0,-0.023247058823529395
2018-12-10,0.0019673379590454676,-0.49048061680667443,0.02031435428665329,0.45256668626568186,1,0.031190000000000016
2018-12-11,0.004116964002955914,0.13920271210819002,0.004244947143561495,-0.4330165753671018,1,0.03988636363636364
2018-12-12,0.0,-0.12974029702168877,8.181297553799816e-05,-0.039374856877547604,1,0.09819655172413792
2018-12-13,-0.004541631623212861,-0.20109411402976818,0.027732329842931724,-0.19840972520632605,1,-0.11953333333333334
2018-12-14,-0.002365664075701268,-0.1928589079816868,-0.029929157048475652,0.45090779604844,0,-0.1357608695652174
2018-12-17,0.003387533875338855,0.6720122124653649,-0.047372883673860056,-0.12387296965377403,0,-0.1346333333333333
2018-12-18,0.005676063470627879,0.15737863511057637,-0.03290361480375559,0.18490292875800107,0,-0.431
2018-12-19,0.0037556912360210415,0.008999689301421476,-0.011430098269156419,-0.06355372070283194,0,-0.24261666666666667
2018-12-20,0.013127090301003452,1.3377377925691527,-0.05305123430836689,0.17213049739345387,0,-0.1896421052631579
2018-12-21,-0.0038788478996450992,-0.19177072579332954,0.014572728858443185,0.05393677598887492,1,-0.006081818181818188
2018-12-24,8.285004142494223e-05,-0.5352100271753946,-0.07570879309805889,-0.11131961701741555,0,0.37213124999999997
2018-12-26,0.004804904316129566,-0.11990225824652556,0.10277655652879703,-0.29322690755864533,1,0.32533703703703704
2018-12-27,-0.010470772528650474,0.3525636030040846,-0.03116167811579984,0.4816180647958497,0,0.19432857142857146
2018-12-28,-0.00018330278286948776,0.09407490423957454,0.05679054237987757,0.0482910172817399,1,0.19238333333333335
2018-12-31,0.008516808613476812,-0.23557199140291796,-0.007209309291319688,0.07974651224519413,0,0.0
2019-01-02,0.004379441414642304,0.9741155758837876,-0.06511690492561406,-0.34270917398415945,0,-0.05257428571428572
2019-01-03,0.00493624023035788,-0.20297611427267281,-0.030851334705306876,0.8227688777098339,0,-0.13939743589743595
2019-01-04,0.011338518215308957,0.36599148933739944,0.05737404681828773,-0.37940309707778486,1,-0.5994
2019-01-07,-0.010725705265714147,-0.4172963266445685,0.05494110978144473,0.046704837864333326,1,-0.15739999999999998
2019-01-08,-0.0036412732182308227,-0.32799396977252815,0.0015045404882592095,0.03007540544278897,1,0.005239999999999993
2019-01-09,-0.0029565145977907825,0.02810720119962662,0.009031565769471506,-0.08711673020208266,1,0.10848571428571427
2019-01-10,-0.0014414562826901012,0.08979916402361998,0.01887628500531746,-0.2082988436436949,1,0.08661428571428569
2019-01-11,-0.006310319227913919,-0.08547999045998789,0.007074309240091559,0.10014879086267148,1,0.21557500000000002
2019-01-14,0.0036525131781015574,-0.2819909061148548,-0.03641859795595226,-0.1614733156385152,0,0.19695
2019-01-15,-0.003845994789297369,0.21342768904299048,0.028816850911263847,0.04437252362434241,1,0.15245
2019-01-16,-0.0036532713384257454,0.3715788919399696,0.004486779247556916,0.15848899683359385,1,0.038500000000000006
2019-01-17,0.0011250000000000426,-0.3550866431707199,0.003642776605279119,-0.22438671841881608,1,-0.09894000000000001
2019-01-18,0.00045781828775948163,0.37065712037050424,-0.1294253204666569,-0.22491856105798858,0,-0.13965555555555556
2019-01-22,-0.0048256926532989075,0.808729358537883,-0.013367745351068772,5.397288236066386,0,0.4239733333333334
2019-01-23,0.006186773681130298,-0.4172282388202425,-0.03689046884432223,-0.4836197379098919,0,0.2866476190476191
2019-01-24,-0.0003739094308266022,-0.3379637139541558,0.0162789887875201,0.009511219134202165,1,0.10903548387096773
2019-01-25,0.006358837953534646,-0.058621353123650244,0.017628616950197795,-0.34770814073876377,1,-0.1269157894736842
2019-01-28,-0.004129842240026438,0.16528114310073927,-0.002087542087542138,-0.09981900708883407,0,0.14451363636363634
2019-01-29,-0.0011611511984738199,0.03635183364591654,0.0026992374654160045,-0.10358737902379944,1,0.08918363636363633
2019-01-30,0.004982147305488516,-0.20324397884782108,0.038781210041052505,-0.28808426061059456,1,0.24560740740740739
2019-01-31,-0.0011980500702304386,0.8243949564240307,-0.005303121102670727,0.7956321734670377,0,0.21196515151515147
2019-02-01,0.008272324936923425,0.20625438624317316,0.016648435085529822,0.49550095867386834,1,0.37163333333333326
2019-02-04,-0.007671165442835526,-0.02462500635281961,0.0009126142249298308,-0.40385116901885,1,0.23098571428571432
2019-02-05,-0.004340636626705252,-0.3289948303309467,0.028499191909493904,0.005763158969391613,1,0.1237615384615385
2019-02-06,0.004525638364127005,-0.23591445754013507,-0.011202041260852003,-0.08598807329489977,0,0.005994230769230751
2019-02-07,0.000330660494337387,-0.13156820812959968,-0.0320045945180476,-0.2604620148456007,0,0.005994230769230751
2019-02-08,0.006693661680852614,0.6515772277921579,-0.007346881452172216,0.3045855421564858,0,0.06788275862068964
2019-02-11,0.004720078804794081,-0.42608466746257145,0.02515228925132651,-0.10163339470902444,1,0.1165875
2019-02-12,-0.004166836880591496,-0.13406745591663516,-0.003290524567120201,0.204528705395149,0,-0.04409538461538461
2019-02-13,-0.0026664478811995185,1.0304736994513535,-0.011699092919644993,-0.2309401779074488,0,-0.09556249999999998
2019-02-14,-0.003701875616979322,-0.4783515954288672,-0.014140234805733787,-0.045144137856728994,0,-0.05607500000000003
2019-02-15,0.005531335149863814,0.20414763830982796,0.012626159615764188,-0.008826290239846601,1,0.3524466666666666
2019-02-19,0.001602070620849494,-0.049098156016322836,-0.0072383657751121655,-0.25016204503293005,0,0.12755000000000002
2019-02-20,0.0029104324656692437,0.02763550451159591,-0.010013416669393593,0.07456120074373551,0,0.1014590163934426
2019-02-21,-0.003024605575083772,-0.13275627064052586,-0.037318613030112635,0.6321401304985252,0,0.11478382352941173
2019-02-22,-0.008855362413906165,0.5898718754641477,0.011845900288421918,0.3290701960080289,1,0.07379655172413792
2019-02-25,0.005542686962276555,-0.20598578555616853,0.013607519766534404,-0.35930425826827617,1,-0.26473882352941175
2019-02-26,-0.002797202797202858,-0.04688800789452319,-0.002979578172078945,0.07955650298895778,0,-0.28343541666666666
2019-02-27,0.0048675851827406635,0.1237151734097599,0.05703300762230956,0.3737706703749948,1,-0.2632051724137931
2019-02-28,-0.011001642036124859,0.12175782113403621,0.0159310027160533,0.25376290220826414,1,-0.04157324840764332
2019-03-01,-0.003486634567491209,0.384736484503694,-0.0786404427628904,-0.12622289611431503,0,-0.012052980132450335
2019-03-04,-0.011412862379207023,0.3322612772212461,-0.03176542455711673,1.437920857579901,0,0.046295
2019-03-05,0.007668323923485376,-0.3491718694923551,-0.03035401331931309,-0.24589874945888468,0,0.10709396551724136
2019-03-06,0.002257902659307476,-0.33981921078126043,-0.0014820705610177898,0.10178858970722016,0,0.15550000000000008
2019-03-07,0.003671255736337198,0.4001511052950435,0.0013394634905694591,-0.4348417927859659,1,0.22564320987654327
2019-03-08,0.006567461966913157,-0.0016513113292137005,0.027223427331887207,-0.12686757514913227,1,0.14828266666666673
2019-03-11,0.004046911133135156,-0.08973010337880771,0.023686340759511593,-0.046029411947164034,1,-0.03777142857142858
2019-03-12,-0.003043514024841598,-0.25066689038397716,-0.02575122051846257,-0.1746895721717433,0,-0.13626181818181815
2019-03-13,0.0069216171617161315,0.2680161273343955,0.019550411123266498,0.02105603213624674,1,-0.1324385245901639
2019-03-14,-0.0018551461869944497,-0.29627735288980783,0.0036343497975146466,-0.08038365952006499,1,-0.047556435643564404
2019-03-15,-0.00687532067727048,0.7983344876133796,-0.04969926886467102,0.022193989877244746,0,0.10880180180180178
2019-03-18,0.00582765034097954,-0.6213045646364508,-0.02188066595729543,0.9316562606486245,0,0.021025862068965517
2019-03-19,-8.218277449045797e-05,0.05786479741632422,-0.007940041555357658,-0.2442479087800331,0,-0.14644466019417476
2019-03-20,-0.001890359168241984,0.6311094304537428,0.02288877253347299,0.15678755529490718,1,-0.14073603603603607
2019-03-21,0.010128458498023685,0.8610992712305365,0.0019926873857405436,-0.41058910208342836,1,-0.16492840909090908
2019-03-22,0.0022825466699274433,-0.25074738385650874,-0.03431918115637955,-0.1478794925693543,0,0.11062183908045975
2019-03-25,0.015697437982919782,0.7457034683108956,-0.015681680773881435,0.4604459429852541,0,-0.06595192307692309
2019-03-26,0.0015614990390775407,-0.21348675099453818,0.02790970862605091,0.16725783668284144,1,-0.16629000000000002
2019-03-27,-0.0008394963022186896,-0.2382752632516787,0.026664903895351033,-0.27098340949080557,1,-0.13937128712871294
2019-03-28,0.008882131711610786,0.8338707332201509,0.013386686067661024,0.18976540135914166,1,-0.03729729729729729
2019-03-29,0.003648477157360386,-0.34344539920235084,0.004199870773206937,-0.2377688968201006,1,-0.06463380281690138
2019-04-01,-0.0007902639481587315,0.1461267351864679,0.03370866845397669,-0.11778131281761095,1,0.19864444444444443
2019-04-02,-0.016371401455235635,0.02874815265105135,-0.011515319178366346,-0.1451665970812348,0,0.037895238095238086
2019-04-03,0.0017689153332798302,-0.24346889722853238,0.020675179289837198,0.06628082168665772,1,0.03243260869565216
2019-04-04,-0.008668432458463715,0.21829944052664185,-0.08212229229503698,0.4692335025873535,0,-0.07990628571428576
2019-04-05,0.002914743745445758,-0.3224304263397838,0.02673637042569066,1.792336901546343,1,-0.04164110169491528
2019-04-08,0.0012109469605230405,-0.29580405385176456,-0.006582775676462038,-0.4151894053970243,0,-0.20607761194029856
2019-04-09,-0.0033865505563619447,-0.043372247741569,-0.0027457440966501823,-0.20305739356506614,0,-0.31578095238095244
2019-04-10,0.002912621359223211,0.5503802276726433,0.01339941262848754,-0.42811061550446217,1,0.08501612903225804
2019-04-11,0.0022587931590836163,0.050298287169973976,-0.027531968846223664,0.13142315090249435,0,0.11448312500000002
2019-04-12,-0.005513522215067512,-0.15778179304846973,-0.002867575241255471,0.3830136288858679,0,0.18573916083916087
2019-04-15,-0.0069199951438631,0.08926719031158381,-0.004856545128511747,-0.26067594648179215,0,-0.006387499999999985
2019-04-16,0.002363488182558937,-0.5356488950038274,0.026015466626623684,0.4688341958374169,1,0.05265454545454545
2019-04-17,-0.00617936417594922,1.6154288077867447,-0.007650653104533389,-0.2825668638303822,0,0.10193015873015876
2019-04-18,0.00016362595107577427,-0.24340385107690554,0.00752528399559016,-0.28160499642700354,1,0.10463508771929825
2019-04-22,0.005316973415133042,3.560246548258559,-0.03793346995535385,0.1444721160067226,0,0.04367017543859649
2019-04-23,-0.00480065093572013,-0.778295305518559,0.00412979665211477,1.0231676128210232,1,0.07472916666666668
2019-04-24,0.0018804676641321905,-0.04721829012622103,-0.02003712402454727,-0.10388118017719816,0,0.06978969696969702
2019-04-25,0.008323812632609728,0.06382409375559805,-0.042976435943169244,-0.1856337992110153,0,-0.003963555555555547
2019-04-26,-0.0013758497895759447,-0.27122941575024395,-0.05062345247664335,1.4700619610446242,0,-0.013251249999999984
2019-04-29,0.0034038414782397997,0.18307751565169728,0.027218771272974784,0.0283277006094087,1,0.08324222222222223
2019-04-30,-0.006138437929084972,0.6673359258064633,-0.01137975666580382,-0.24890248477230248,0,0.12777413793103445
2019-05-01,0.004774481917919626,-0.1508220975533061,-0.019607021659893586,-0.43228867229234036,0,0.13101269841269844
2019-05-02,0.001961379031442556,0.6650887722058498,0.04303234904491271,0.14380836983834167,1,0.20909398496240597
2019-05-03,-0.004601226993865004,-0.48169578972503935,0.04490331039003603,0.44142495823267036,1,0.22354279475982516
2019-05-06,0.002554537344902963,-0.20211589924976636,0.0011566813048933255,0.41537401398877694,1,-0.07551184210526315
2019-05-07,0.0030333670374114163,-0.17571081096820795,-0.032408404644878264,-0.5467892629604667,0,-0.02035740740740741
2019-05-08,0.007580645161290311,0.805612956113126,-0.009309479478669225,-0.0003541722295241634,0,0.048005
2019-05-09,-0.00416199775892423,-0.15279097289122812,-0.011358065043307719,-0.39663497862581953,0,-0.0016511627906976591
2019-05-10,0.004018646519852176,0.44042341116813133,-0.010207455161583612,0.12118003301605396,0,0.03392025316455696
2019-05-13,-0.0014409221902017544,-0.40762174655758643,-0.05218988768736166,0.04040082806447054,0,-0.3617038461538462
2019-05-14,0.007937309603976317,0.6676710885799166,0.0225100215849523,0.5125854910669418,1,-0.20104347826086963
2019-05-15,-0.0029436069803491227,-0.39822211029909294,-0.0008616232982940897,-0.32861855335628953,0,0.05718703703703704
2019-05-16,0.005823229100191396,0.64908084441783,-0.015845981372887175,0.012851811315581774,0,0.06649814814814814
2019-05-17,-0.0030137203584741368,-0.18103754218711943,-0.0752345067799951,0.01664154694993747,0,-0.08438481012658228
2019-05-20,0.002227348659613382,-0.4394544095030122,-0.027161680005647337,1.3835979129788973,0,-0.0033666666666666728
2019-05-21,-0.001984284467021147,0.30830707773199095,-0.0018018895490405917,0.16192749772513082,0,-0.07868846153846154
2019-05-22,-0.0017496421186575795,-0.3275325405108964,-0.05991120651802706,-0.1417542624714453,0,-0.002353947368421064
2019-05-23,0.005576800509878854,0.3710035857423739,0.014479215319944005,0.057673868287674734,1,-0.04131472081218272
2019-05-24,0.011329424813817157,0.6841085567634129,-0.024321158174749336,0.3238524988051332,0,-0.07823988764044945
2019-05-28,0.0009400705052877711,-0.5372612145433181,-0.010516149632692318,-0.4308896468791341,0,0.04413064516129031
2019-05-29,0.007513500821789032,0.766665923077192,0.0061996608732513,-0.26498048776894245,1,-0.013283552631578953
2019-05-30,0.0027957741008313164,0.6361171955653988,-0.009005213544683643,0.1512579517175383,0,-0.0701522222222222
2019-05-31,0.00848323532669859,-0.04897534114614688,-0.014347964714635064,-0.34178189444045326,0,-0.14667430167597764
2019-06-03,0.01255905058186424,0.5488495281558279,-0.034882467112357096,0.2956269653822796,0,-0.04854534883720931
2019-06-04,0.004399180700956018,0.021881278644887203,0.08323557343165189,0.289617714595954,1,0.0008281690140845194
2019-06-05,-0.011064207752422783,-0.35381793925954896,0.014269506472074589,0.059403342239175316,1,-0.02185253164556963
2019-06-06,-0.005995341199831916,-0.2676428997251733,0.0478093523899592,-0.041549694823574734,1,0.11449745762711866
2019-06-07,0.0034575489819437255,0.05835976784017549,-0.00820069875776408,0.5490020912851663,0,0.09640126582278485
2019-06-10,0.0087289433384381,0.07584994616936669,0.04153823572581827,-0.23495538565663765,1,0.17992093023255812
2019-06-11,-0.009259905875208752,-0.33286532697697624,0.01982337467117623,-0.33016012726298527,1,0.1612054545454545
2019-06-12,0.0006887828005035512,-0.19477280143825026,-0.03630907415937357,0.061384628057862045,0,0.25362010309278343
2019-06-13,0.0005359467115839678,0.041477826982621924,0.02233419511675172,0.35354289937755623,1,0.21795625000000007
2019-06-14,0.003443526170798794,0.9305626476882563,0.004815559399691471,0.08960499969865188,1,0.1840622857142859
2019-06-17,0.00244032639365499,-0.04006472392296179,0.04704075935231722,-0.09147187307860039,1,0.19994767441860464
2019-06-18,0.0015968048687713399,-0.45611213430924946,-0.0012887170599474862,-0.16177541458082623,0,0.12941428571428568
2019-06-19,0.005127605292120085,0.6870387624068224,0.007074842039690221,0.010186696414573149,1,0.1432846666666667
2019-06-20,0.0013224014810895302,0.2990865323899967,-0.02977952547165652,-0.4834625438899943,0,0.07837405063291138
2019-06-21,0.002792242094936226,-0.12309527966076383,0.01047406530352002,0.7934420276487897,1,0.04555158730158729
2019-06-24,-0.010912101143889186,0.159653146037666,0.007886790752174466,-0.314344959073922,1,0.272632857142857
2019-06-25,0.007532526820360541,-0.564786451805992,-0.017304596673224704,-0.28474004114125917,0,0.22031686746987936
2019-06-26,0.0034737954991692632,0.6870092867161477,-0.0026846248350548274,0.07743181281990785,0,0.15166106194690257
2019-06-27,-0.0068482841661648974,-0.35014524314264883,0.016561730084861725,0.37307590434323434,1,0.10538829787234041
2019-06-28,0.006592407365310304,0.30245016515228484,0.0029172837843902677,-0.2660515472559022,1,0.03364190476190476
2019-07-01,-0.0001505570611262108,-0.07385780911956041,0.016557773203257797,-0.03291845203954247,1,0.12650333333333333
2019-07-02,-0.004140942629122013,0.8415583571665743,-0.011181546046839186,0.34796811814956596,0,0.09420789473684212
2019-07-03,0.007409087472593834,-0.3236174148275345,0.04576618288665313,-0.12779453405786723,1,0.2085689999999999
2019-07-05,0.006829268292682933,-0.458962824674767,-0.007449978714346495,0.9633893552227955,0,0.22919742268041235
2019-07-08,-0.012895050685748255,1.0608813365437122,-0.011880763457001953,-0.4972386282666862,0,0.25451555555555555
2019-07-09,0.0014347202295552641,-0.4863325768913086,-0.0013890094626269889,-0.15120598098026627,0,0.19442800000000002
2019-07-10,-0.0004524204494043005,0.05994476193692222,0.03851169260192977,0.06284018548979886,1,0.32180813953488374
2019-07-11,-0.005582377791188975,0.5498976120660564,-0.0013393604553825211,0.3925005931387837,0,0.2746741573033706
2019-07-12,-0.013275678956152337,0.5207855117266895,0.027074601844090607,-0.1310022178233744,1,0.3407565217391302
2019-07-15,0.0010763435073422034,-0.4512535316810228,0.034358932506324935,0.20871623455274713,1,-0.07195714285714283
2019-07-16,0.0058367252899163,-0.18540175224864774,-0.004260691178791132,0.1979325502139373,0,-0.012480869565217377
2019-07-17,-0.0030541345346263293,0.11975265172312266,0.009627575277337597,-0.2660210742600845,1,-0.09082537313432833
2019-07-18,0.010798805238569242,0.42578266082562743,-0.004865989090766409,0.20988022831101705,0,-0.01695405405405404
2019-07-19,7.57690559176627e-05,-0.37478179196117223,0.01770140778421858,-0.5178999711525674,1,-0.09601025641025639
2019-07-22,-0.002197136146677936,-0.004410741866374357,-0.009411462928584857,0.5070945969207696,0,-0.004993103448275867
2019-07-23,0.0017084282460138045,-0.15351454014298127,0.01740661060043025,-0.05498545750104822,1,0.1101980769230769
2019-07-24,-0.005419746067841569,0.6573942741038774,0.018949634755863087,-0.24863287801848755,1,0.009092708333333343
2019-07-25,0.004343418946726629,-0.30942079740572115,-0.1366591102551873,0.5290311506376935,0,-0.07066441441441444
2019-07-26,-0.004704055777853822,0.4914868296270891,-0.0035409260601144688,1.789396959521829,0,-0.1027330909090909
2019-07-29,0.0024397682220187455,-0.4570550868207237,0.03417543859649119,-0.5277634149150963,1,0.14277848101265825
2019-07-30,0.00015211439002138505,0.05060221720845837,0.02743095609689883,-0.0959059435243993,1,0.21978488372093022
2019-07-31,0.0024334600760456127,0.23557050973039995,-0.0026417898125979944,-0.10386115098311188,0,0.30662317073170736
2019-08-01,0.008192990441511228,1.8411359040243216,-0.0317854482244847,0.12085550056683925,0,0.16926491228070178
2019-08-02,0.01779533483822404,0.46918167290437296,0.0014465247499360068,-0.09658183526560093,1,0.07789999999999994
2019-08-05,0.00876058108158051,-0.45671588603527546,-0.024750040976889154,-0.37659814839378736,0,0.22228837209302327
2019-08-06,0.01780872114327603,0.4905059155042861,0.009410014005602374,0.31511959503175224,1,0.24881206896551708
2019-08-07,0.007524481566820285,-0.3595825548870417,0.012314096171356814,-0.19468085986539974,1,0.421402678571429
2019-08-08,0.0007504020010720147,1.6445397850758932,0.02064505075598566,-0.12964023786662016,1,0.2747773195876288
2019-08-09,0.0020709847889737176,-0.5424234611606379,-0.013806706114398382,0.09888989803936998,0,0.2905307692307691
2019-08-12,-0.0019241733181298848,-0.2906369664905063,-0.025446808510638297,-0.2600583186648172,0,-0.013610344827586189
2019-08-13,0.02077829346661897,0.1939319567539688,0.025980263732425124,0.1923916082412147,1,0.021451999999999978
2019-08-14,-0.003357582540570947,0.2733116968376825,-0.06545516448908373,0.05060617661209332,0,0.06785961538461543
2019-08-15,0.02245929253228529,-0.16225084624623198,-0.018534541645794378,0.8742086322444136,0,0.003772222222222254
2019-08-16,0.011188907193849573,0.7626396060507652,0.020415738678544848,-0.10278292638356279,1,-0.041724999999999964
2019-08-19,-0.008078202430249148,-0.33063412684987237,0.03132957439068762,-0.38484088016002904,1,0.18248999999999999
2019-08-20,-0.014098001642485647,-0.288605156418717,-0.005114412944755453,0.05115059165846714,0,-0.0343325
2019-08-21,0.009926419547410914,-0.37472085226643026,-0.021537779747396457,-0.25734808420207533,0,-0.20032499999999998
2019-08-22,-0.0063921919032235985,0.29191423662362603,0.005706780198378558,0.9275924271422566,1,0.019860679611650476
2019-08-23,-0.006433314886552299,0.5284434233143023,-0.04800720558432792,-0.24533770635542662,0,0.0516156862745098
2019-08-26,0.016013367680846713,0.1672727465074204,0.01698282794834194,0.4643205543595972,1,-0.18886595744680854
2019-08-27,-0.003768930309052343,-0.32920256193925657,-0.0038143083077495366,-0.41412262142733014,0,-0.095075
2019-08-28,0.015545467051863993,-0.1452296653053755,0.006677250653716937,0.06467179350134833,1,-0.00864117647058823
2019-08-29,0.0010837171498241371,0.01775772591899938,0.028340832135071103,-0.38125272879529803,1,0.060032456140350826
2019-08-30,-0.003721244925575129,-0.13822784160781088,0.017591339648173276,0.5737494282708162,1,0.0785437837837838
2019-09-03,0.00020373514431248907,0.6649190992327496,-0.0021719858156027394,0.6962305016652341,0,0.14836249999999998
2019-09-04,-0.000629413362303155,0.09693254703191445,-0.019545999733463715,-0.38482592052806275,0,-0.1313053846153847
2019-09-05,0.0013092162163448329,-0.4730444415189602,0.03973539939286841,0.07880660449129495,1,-0.10006690140845081
2019-09-06,-0.01750576740398957,1.021633786016824,-0.008671779675788693,0.28331460406621245,0,-0.13726339285714292
2019-09-09,0.00677900552486177,-0.45539151982993265,0.018857971778979188,-0.41665120494115515,1,-0.07726666666666666
2019-09-10,-0.01767438414724487,0.4689262610261593,0.016222279748036916,0.09389195468076639,1,0.040522222222222216
2019-09-11,-0.01756223595544859,0.048001891907586414,0.0496306359853953,0.037065927487049954,1,0.13394659090909095
2019-09-12,-0.001776956429028309,-0.2730261291153645,-0.005541398697568978,1.062874644516722,0,0.2602223684210526
2019-09-13,-0.006337225861577811,0.7251595202074281,-0.00239973968925411,-0.15529702567629677,0,0.1675436170212765
2019-09-16,-0.021282694374776034,0.07789085965548637,-0.010478248460879969,-0.3742029028392194,0,0.12922285714285714
2019-09-17,0.012227266071167087,-0.4264541558264092,0.008611454470539792,-0.12129682168160072,1,-0.04826666666666667
2019-09-18,0.005931283905967311,-0.14175436634387828,-0.005555782507455365,-0.1726094797264831,0,-0.09071585365853657
2019-09-19,0.0040627022362837995,0.23219864009890645,0.012940064905722304,0.05366102045826904,1,0.23366698113207543
2019-09-20,0.0029720342321053472,0.1935677166167764,-0.024292318922864875,0.1494615837864821,0,0.16823983050847457
2019-09-23,0.01285255265976426,-0.26642845425810313,0.002743256161935159,0.34167365136417516,1,0.11923157894736842
2019-09-24,7.04970038774011e-05,0.5387937793591302,-0.07447999999999999,-0.31188306054999604,0,-0.08858450704225351
2019-09-25,0.012195121951219523,-0.1573806521669623,0.024266655081898625,1.9948303260716513,1,-0.015299056603773582
2019-09-26,-0.015182812173549776,0.12633767723824407,0.060428508963707994,-0.2904281113384368,1,0.07704081632653058
2019-09-27,0.006718765800697302,-0.4225421835993547,-0.001608114794656168,0.3052963587348372,0,0.10750839160839157
2019-09-30,0.002669289126159047,-0.0135769201205731,-0.0053277165159211215,-0.0682670141990609,0,-0.13542000000000004
2019-10-01,0.0022418383074120918,-0.031910051008767204,0.015985716658362348,-0.47895625721474167,1,0.12342857142857143
2019-10-02,0.0014679155599048865,1.1095513059752808,-0.005925865380685735,0.054365670849370495,0,0.2328657657657657
2019-10-03,0.0023731416207162237,-0.22727686975598427,-0.04242723236309831,-0.13399790046855398,0,0.19140200000000016
2019-10-04,0.0091107861569526,0.0710743086769774,-0.006457582002404205,1.794598920257104,0,0.12494701754385976
2019-10-07,0.007444879325192666,0.5215135177803605,0.027241429823966268,0.07717522997626913,1,0.10849230769230768
2019-10-08,-0.008337825425538625,-0.1958199143309196,0.009591115598182709,0.0024552120399088384,1,0.21099999999999997
2019-10-09,0.002693742229589624,0.5715361356482878,0.018874999999999975,0.08420091437536681,1,0.23853629032258084
2019-10-10,-0.005855204243300882,-0.33744724474788945,0.0008587903324746016,-0.2098236202357333,1,0.2967028301886793
2019-10-11,-0.014481707317073211,0.5973689266451563,0.012380485413091558,-0.0858632427752416,1,0.1870744186046511
2019-10-14,-0.0122337059692047,0.6396397537959875,0.03692941034023489,0.3336297481733248,1,0.11169117647058822
2019-10-15,0.006975585450921695,-0.7260262184501753,0.003658726451813754,0.2234511378811892,1,0.21070169491525428
2019-10-16,-0.012158054711246202,0.7702667954963311,0.007097649887535917,-0.36807237392985814,1,0.17461139240506332
2019-10-17,0.0009302325581395099,-0.34354231104248356,0.008817429383165098,0.035416022245317036,1,0.23827362637362642
2019-10-18,-0.0020732056048040626,-0.21347417497405696,-0.019047637224215763,-0.2881117326309146,0,0.22385411764705873
2019-10-21,0.0,0.11550660827922776,-0.013852295362580258,0.21436822339283523,0,0.169675
2019-10-22,-0.007880220646178104,-0.4066412140199078,0.008246853174446622,-0.5996927838915956,1,0.2564051282051282
2019-10-23,0.00612390786338346,-0.13351308644640536,-0.002469474013775841,-0.009830847478288773,0,0.2648033333333334
2019-10-24,0.0009466183333919354,-0.21857406613119412,0.17549207694329683,0.14122966169666462,1,0.36499775280898866
2019-10-25,-0.001971750197175104,0.035176009575764056,0.09535411521260251,4.361467991811638,1,0.3459116465863452
2019-10-28,-0.004992995438054426,0.0920639680566111,-0.002071970504890497,0.06839784833090778,0,0.30005058823529424
2019-10-29,-0.008736462093862918,0.4974094613955593,-0.0345332966932308,-0.3544315240246674,0,0.20243658536585377
2019-10-30,0.0005827081360625375,-0.38302105498320804,-0.004237824161922754,-0.3324470807824197,0,0.3128807228915664
2019-10-31,0.014413627429569642,1.0103493767965608,0.0007304833894428153,-0.26823247689219376,1,0.2464567567567567
2019-11-01,0.013491209185504172,0.461195914799992,-0.005966549239899699,-0.46304977333130437,0,0.31169851851851854
2019-11-04,-0.004850244282376237,-0.34809954380159946,0.013457424731011303,0.27250090108645275,1,0.19059999999999996
2019-11-05,-0.013056316482265351,-0.04541422314457921,-0.0008348428762698923,0.3886894636235476,0,0.08905588235294115
2019-11-06,-0.011102299762093759,0.39241186754690394,0.030079455164585545,-0.2646671454682733,1,0.05651709401709401
2019-11-07,0.005905081285995539,-0.3102987053063325,0.02659932659932651,0.22817557527173582,1,0.060161864406779654
2019-11-08,-0.017901145093491833,0.991237772424814,0.005158174066012711,0.8259685160886667,1,0.04716422018348625
2019-11-11,-0.004427717511622742,-0.4893485250516345,0.023671096345514897,-0.5782744121844116,1,0.25388749999999993
2019-11-12,0.0008153583870729175,-0.5138703420519698,0.014053897421037354,0.6282999604143853,1,0.2269396226415095
2019-11-13,0.004517849207524627,0.24387287236225696,-0.011315902271753053,-0.2612461831355911,0,0.19457488789237665
2019-11-14,0.00634078006340788,0.16271950757240972,0.009740165900748554,0.11869372824207458,1,0.19785396226415095
2019-11-15,0.010257161696827444,0.4702773548234307,0.008243645523242416,-0.2569111504992597,1,0.15592355769230767
2019-11-18,-0.000870258902023191,-0.5079268371844381,-0.006416079945491648,-0.2304729157515063,0,-0.13390000000000002
2019-11-19,0.0020323727952384907,0.2707554288745522,0.027258700497171162,-0.06614384300654386,1,0.016270967741935483
2019-11-20,0.007968127490039834,0.09540031411019134,-0.019804183355585203,0.7356730056112954,0,0.169825
2019-11-21,0.010204814947897933,0.16279584274097436,0.007291997729852451,-0.1744545687126252,1,0.2463032786885246
2019-11-22,-0.005904531550117276,-0.21687251162390153,-0.06191993288441233,-0.08130652695430451,0,0.15493089430894308
2019-11-25,0.001001860598253801,-0.19570555853747396,0.009942941229466262,1.6857470113786857,1,0.14235049504950492
2019-11-26,0.003217043179868595,-0.10444016288452451,-0.021917574410297513,-0.24435668858884574,0,0.11066326530612244
2019-11-27,0.005843369201168569,-0.12538179378123648,0.006445140303408037,-0.35427871046366777,1,0.1132984210526315
2019-11-29,-0.003046404534183589,0.10258863265835982,-0.0030508986557921114,-0.2915514691786276,0,0.0693421568627451
2019-12-02,-0.0020608300170550375,0.41650084220441164,0.014604290389043761,-0.5527680845403815,1,-0.13319318181818182
2019-12-03,-0.014954069643238532,0.9665941804338092,0.0036433136236038166,1.4695538709548033,1,0.08194672131147543
2019-12-04,0.020791585339405616,0.04692162676616496,-0.009194239466793541,0.10251948907336761,0,0.16232760736196333
2019-12-05,-0.010028603580157003,-0.3657457795934014,-0.00795819694285127,-0.17730166570965045,0,0.19067362637362648
2019-12-06,-0.004506760140210231,-0.11437501935359562,0.016679784464491254,-0.34215325686262854,1,0.24130068493150694
2019-12-09,-0.005892497844208089,-0.01827788030719224,0.010570195027541862,1.1562925754619977,1,0.1252684210526315
2019-12-10,0.00238542720832724,-0.4694430094594686,0.02778432527990571,0.11061506064714921,1,0.13517321428571422
2019-12-11,-0.0001442273022281837,0.37038417144288527,0.010520884098271344,0.031401743950192795,1,0.15509875776397516
2019-12-12,0.007861521817526196,0.1774833851348976,0.02034042553191484,-0.2204038050613557,1,0.21264193548387095
2019-12-13,-0.016172892514670245,1.6983341872012265,-0.0036144243334167436,0.15052118350769272,0,0.1812403846153846
2019-12-16,0.011347105033459481,-0.2545673909609575,0.0645701370092362,-0.18493015416052527,1,0.19307291666666668
2019-12-17,-0.008918296892980293,-0.15879873367468933,-0.006814762391549323,1.7800389189605252,0,0.20140156250000002
2019-12-18,-0.0014513788098694524,-0.3280851310864834,0.037449252474399675,-0.5360091068398205,1,0.18276611570247933
2019-12-19,-0.008066860465116177,-0.029677615653184164,0.02777919104553539,0.6789639556033542,1,0.25826369863013693
2019-12-20,-0.00021979632207491662,0.0634492384094052,0.003786941240532693,0.25548453010246863,1,0.21055872093023253
2019-12-23,0.001392349406419413,-0.2849934600562696,0.033608679570952926,-0.2129772297951218,1,0.39640400000000003
2019-12-24,-0.0016831320892792823,0.08901049269056904,0.014313660002862827,-0.054168534136728286,1,0.42037692307692315
2019-12-26,0.0028588183550799506,-0.1771944254623713,0.013265440519309557,-0.37938462221039093,1,0.46445116279069776
2019-12-27,0.0023390103062641554,0.13571008498648895,-0.0013699450490017862,0.2933299699182006,0,0.3509505494505494
2019-12-30,0.0014584700649020732,0.15253911458946767,-0.036282918438974576,-0.09092560180324805,0,0.07337789473684213
2019-12-31,-0.0035680477681497846,0.3884285677369035,0.00856205682311506,0.31190265236897763,1,0.032869696969696965
2020-01-02,-0.009500146156094846,0.38803761689714733,0.028863859196020636,-0.1920905053653782,1,-0.032813333333333354
2020-01-03,0.010882396340563538,-0.03209359146034607,0.029076794347340895,-0.06635695457447843,1,0.10485742574257431
2020-01-06,0.015290296682845206,0.1015202012717602,0.019537210615471423,0.8004939326578955,1,0.401578947368421
2020-01-07,-0.005463302422543448,-0.09075483458748768,0.03936618534200598,-0.4023491758864729,1,0.30887499999999984
2020-01-08,-0.00513191181785333,-0.2751998611757164,0.04885222840335057,0.7502514772792508,1,0.3373005434782607
2020-01-09,-0.006320836965998056,0.4439832945073905,-0.02154077506147245,0.7181898165792999,0,0.321739664804469
2020-01-10,0.003472983841485755,-0.28449604393245453,-0.007331408751999113,-0.11062790168093539,0,0.359801030927835
2020-01-13,0.008634194324019129,-0.09077296075864272,0.09810444388651773,-0.5351182916377983,1,0.36045
2020-01-14,-0.003178501769847575,-0.15022536952768817,0.025054777555491903,1.0085098785759317,1,0.2973819767441861
2020-01-15,0.005362707442568171,1.213857617939043,-0.036236059479553884,0.10419044987975057,0,0.29336
2020-01-16,0.0064874216103223414,-0.5285762190260848,-0.009672037878130313,-0.39645194602938283,0,0.17799402985074622
2020-01-17,-0.003079567428203145,-0.18998866647381218,-0.006426610060565996,0.22958326920607353,0,0.10267272727272733
2020-01-21,-0.008117816091953944,0.6965854923056818,0.07273897959583686,-0.36805173815171965,1,0.21298
2020-01-22,0.009922503078148903,0.42223655587563536,0.04043353132930383,1.6021797421945454,1,0.25188243243243236
2020-01-23,0.003729202524383357,0.04777989484132972,0.00441178020125399,0.8085586377234368,1,0.2305494623655912
2020-01-24,0.006859102600742961,0.3098984469614927,-0.01220787694980352,-0.3729974066434881,0,0.20284540540540538
2020-01-27,0.008302583025830312,0.055192837182210575,-0.013133673180402261,-0.2703292316325303,0,0.10265142857142857
2020-01-28,0.015342388626926606,-0.4088779913018209,0.016644545682821033,-0.544693097705871,1,0.19122203389830508
2020-01-29,-0.0078325362168159,-0.15250387806012056,0.02501676017077714,-0.10777037542859758,1,0.23960576923076923
2020-01-30,0.00985049601788468,-0.034331051735086215,0.10314974182444048,0.19816161099322982,1,0.29578795180722867
2020-01-31,0.00013836042891712808,0.4139009774465341,0.014900223113288646,1.0098791653641235,1,0.2835607843137254
2020-02-03,0.008784671785294407,-0.03229504051780763,0.19954495142048945,-0.43598469666578665,1,0.3399264705882352
2020-02-04,-0.001988480526604497,0.08668946771708219,0.137694161070385,2.0018737566418077,1,0.3594098901098901
2020-02-05,-0.013740982480247355,-0.198619414249535,-0.17235164240976886,0.19030977324796172,0,0.23313005780346813
2020-02-06,-0.01065830721003136,0.04367615973453809,0.018755444250871056,-0.1455792562305287,1,0.19647068062827217
2020-02-07,0.004928883255879368,-0.42334333590913165,-0.0006936539746158488,-0.16559723003662674,0,0.13960179640718562
2020-02-10,0.011911434977578406,0.7166675620253862,0.030570169715586237,-0.5858153928171307,1,0.19507745098039217
2020-02-11,0.002769699487605637,-0.37558582456644585,0.0041166421287137656,0.4617742060378569,1,0.022141964285714293
2020-02-12,-0.00497168899323297,0.14972585400048066,-0.008501072323712444,-0.5189838425155742,0,-0.009641592920353985
2020-02-13,-0.004788341429562748,-0.3526749924182081,0.04745647868237257,0.0013647399157306062,1,0.04543166666666668
2020-02-14,0.003416777072728694,0.49672349138059935,-0.004836165501455492,1.229356299877899,0,0.21852786885245906
2020-02-18,0.004447533009033888,-0.19141587568830432,0.0733620309900691,-0.4280856536784938,1,0.2077032786885246
2020-02-19,0.006503390065033976,0.052109844697287855,0.06789648987957997,0.022593165846737318,1,0.2700605263157894
2020-02-20,0.00020621391256536725,-0.1305190061722371,-0.01939015878555239,0.6230315423290433,0,0.30587649769585235
2020-02-21,0.007834513091883766,0.4493293703474348,0.002024066371583144,-0.3006973054957164,1,0.31041493212669674
2020-02-24,0.009137401977497461,0.6828360109751679,-0.07529411764705884,-0.21005516485764197,0,0.14370333333333335
2020-02-25,0.015406446381512229,0.1410931552548751,-0.04086850064813474,0.0783537428618748,0,-0.14435294117647057
2020-02-26,0.005822852199374395,0.21418783319739743,-0.025415775049742906,0.1838365659058101,0,-0.19393372781065085
2020-02-27,-0.005623738793873567,0.06365374070306351,-0.12833846944016425,-0.20574136354974648,0,-0.06630542986425338
2020-02-28,0.010612462157756353,0.509058659889142,-0.016822567577520875,0.7214920841400672,0,0.030351162790697668
2020-03-02,0.02297715451971838,0.4947498698948962,0.1142591732466327,0.01087898417920341,1,-0.020636538461538463
2020-03-03,-0.009396318702535766,-0.39309270440900046,0.002447256249243468,-0.19255276047328562,1,0.04806413043478263
2020-03-04,0.015852390852391096,0.5001528923781604,0.005352040884763376,0.27279959270248244,1,0.12532959999999993
2020-03-05,-0.010987464824763427,-0.42265958839874374,-0.03452968645763843,-0.41098162276833994,0,0.2188951456310679
2020-03-06,0.02481861331333013,-0.26443540657096987,-0.027956662336585558,-0.2726986649925439,0,0.21441473684210524
2020-03-09,0.05224634023220598,8.06459568520423,-0.1378040631797437,1.339229964482875,0,-0.01711956521739132
2020-03-10,0.028364116094987013,-0.7297760583842101,0.06354912112917588,-0.3365845288257685,1,0.06374557823129251
2020-03-11,-0.05236456936264511,-0.10633231962484713,-0.017201550387596964,-0.06718620993246771,0,0.1016379487179487
2020-03-12,-0.03692080487354621,-0.2214865532234046,-0.12288118882166887,-0.12704841494281716,0,0.09913670212765958
2020-03-13,0.008945115328094166,-0.18289682927447715,-0.017643567561734352,0.37409770956804667,0,0.04983981481481479
2020-03-16,-0.025140903046038887,-0.157413344601958,-0.1853165507140242,0.20573872351718148,0,-0.11813448275862072
2020-03-17,0.06375860724957771,1.6621832945946573,-0.03366465152037135,0.8065006128717254,0,-0.07487500000000001
2020-03-18,-0.06579951757198255,-0.683768003534039,-0.1590697674418604,-0.3978248715163226,0,-0.06590743801652892
2020-03-19,-0.05471303438357944,3.8085794863722473,0.18167865044247788,0.7274086926277887,1,-0.1276562189054727
2020-03-20,0.02689993776364008,-0.7279969093063807,0.0005499713312815402,-0.2819189463749908,1,-0.1381890995260664
2020-03-23,0.07057239057239051,-0.14112711284067536,0.01581175590017092,-0.05342716429251215,1,0.04384912280701755
2020-03-24,0.044156497672663386,0.03383575335852984,0.16120564599691445,-0.42567694337721873,1,0.14962542372881354
2020-03-25,-0.01689759036144578,-0.3888157343459262,0.06915526472337885,0.38904693366026954,1,0.16617828947368418
2020-03-26,-0.0038297741965134247,-0.07361050141771541,-0.020633375063754844,-0.0912354332498404,0,0.2348408602150538
2020-03-27,0.004613397305776035,-0.025783132340683412,-0.02554682321749835,-0.1531416955420707,0,0.12557435897435892
2020-03-30,0.025961302963507293,0.06193032316634928,-0.024214863184079505,-0.18458339552550707,0,0.019937499999999997
2020-03-31,-0.007818095010742487,0.020716348934546103,0.044572794264090776,-0.17975289630445246,1,0.17943698630136987
2020-04-01,-0.007518796992481258,-0.05536191687220682,-0.08179530201342289,0.471124813668522,0,0.16799019607843135
2020-04-02,0.013393939393939513,-0.13765417424942405,-0.0562938660243365,-0.23447273573194383,0,0.13449615384615388
2020-04-03,0.004485377668799639,-0.3643780327241467,0.056175325103967166,0.22615365033908086,1,0.06895735294117646
2020-04-06,0.0033638961657538324,0.08466793352361957,0.07550000000000012,0.380224931491012,1,-0.03947450980392157
2020-04-07,-0.0027592345349355396,1.7927509347579158,0.05662095149542856,0.29884015635178796,1,-0.014333050847457639
2020-04-08,-0.010293942639533427,-0.21507516519611425,0.005921498890864685,-0.3726478232197661,1,-0.054495783132530146
2020-04-09,-0.007515180664943166,0.26634570205138774,0.044304720247858365,0.3589715678176293,1,-0.04784642857142859
2020-04-13,0.0018173007026895949,-0.2733194921079707,0.1360882009039983,-0.4589772444119191,1,-0.17583000000000004
2020-04-14,-0.00894908695126373,-0.34838197002440696,0.09027037132219706,0.6614463501277494,1,0.12790927835051547
2020-04-15,0.0004270896888345366,1.126014855575833,0.027855245824263353,1.7131206188033867,1,0.17142510822510806
2020-04-16,0.025187534305055825,-0.030500902271813346,0.022109031433312554,-0.24529489886322298,1,0.18006420233463014
2020-04-17,0.011778703152885317,0.37755481351923903,0.010722794538221114,0.32554376757785564,1,0.18422809523809516
2020-04-20,-0.013346660395108234,-0.27581190053722837,-0.009686193856564662,-0.5768085654155273,0,0.03337777777777779
2020-04-21,0.008044812585662253,-0.27965557736947655,-0.07989549139143837,0.16850740584523605,0,0.21676451612903216
2020-04-22,0.0122369354457319,0.8420940515546962,0.06457595526561044,1.0593506069917256,1,0.18483875
2020-04-23,-0.010687379547976272,-0.30027700098980403,-0.03479250015320101,-0.35243317371793836,0,0.2762716049382716
2020-04-24,0.006080283353010696,0.08198742499811495,0.027450646939614298,0.005777784520361484,1,0.05375795454545452
2020-04-27,0.0021709792876840606,-0.31541533906523145,0.10195862068965522,-0.35008458524896946,1,0.0359607843137255
2020-04-28,-0.018325526932084446,1.0835698294616072,-0.03731287237770986,1.3592159494404878,0,0.09465428571428573
2020-04-29,0.011093218822687545,-0.6257168136648336,0.039955272977857614,-0.751471283926288,1,0.16281370967741932
2020-04-30,-0.0050138618533592805,-0.09338217047360964,-0.023479695939187972,-0.16730469434630602,0,0.1594549295774647
2020-05-01,-0.011026796300687813,1.4862486345714898,-0.10210483189511688,3.4409335839909794,0,0.15291082251082247
2020-05-04,0.006653878431842841,-0.574750137805168,0.08541158688739658,-0.4090941059003842,1,0.12095820895522388
2020-05-05,-0.004644792473054271,0.7273591822054999,0.008998830808843783,0.15024110120699774,1,0.1827441860465116
2020-05-06,-0.006341609332934484,-0.5326276855205992,0.0187355154545219,-0.5527766536267583,1,0.1878147058823529
2020-05-07,-0.01589499668854244,2.7849553055569056,-0.002856412550322762,0.3115907436414329,0,0.14049670329670333
2020-05-08,0.016212909146527954,-0.6667142644288148,0.05003108117634247,-0.480564348408688,1,0.08210666666666666
2020-05-11,-0.012582781456953684,0.7193218243227815,-0.010704913030210483,1.8015467886162528,0,-0.2766830769230769
2020-05-12,-0.007743430278641439,0.11434699604943366,-0.0015669726581778454,0.002414901149419446,0,-0.20945454545454548
2020-05-13,0.01001597640408014,-0.5572398159349252,-0.02297302307188498,-0.5172768826640033,0,-0.03589953703703698
2020-05-14,0.0069355721847050855,0.12070241607188303,0.015709190255748684,0.2221328303754453,1,-0.005005785123966944
2020-05-15,0.009908766841882688,0.09222390316955131,-0.004988543534568568,-0.29046646430705847,0,0.050899598393574275
2020-05-18,-0.0026323661381991714,0.5271046927369514,0.018116876127924453,0.5450261219204438,1,0.3435272727272727
2020-05-19,-0.021774338671945226,-0.3240026046043426,-0.006773118953669943,-0.4570727140427595,0,0.3492666666666667
2020-05-20,0.003648516065734686,-0.17311504441599201,0.009232673267326685,-0.14934893211301958,1,0.18088571428571426
2020-05-21,0.0027798991904688375,1.6616067540889357,0.015071248129889803,0.47882976526526977,1,0.07314181818181822
2020-05-22,0.0026808018034485404,-0.23002881640123662,-0.01371186952582304,0.7061019630145586,0,0.012168275862068973
2020-05-26,0.005347268639484648,-0.42199334804612065,0.0028662420382166154,-0.17430998290781696,1,-0.3899642857142857
2020-05-27,-0.012802055001510992,-0.2543967984432961,0.0014839875906882405,-0.6125067015123016,1,-0.15933541666666665
2020-05-28,-0.0014810334049869534,0.10133984408771513,-0.017049716142959137,0.472522515406431,0,0.02723892617449664
2020-05-29,-0.0040161873812005755,0.23876531342170315,0.03500790967461764,-0.36766889203106057,1,0.075
2020-06-01,0.0064949056545695605,0.4384852417117562,0.07634287372009152,0.5004436910188212,1,0.10545599999999995
2020-06-02,-0.007523395926356424,-0.3227708977915238,-0.01834887929834339,0.3267166776875634,0,0.1492948717948718
2020-06-03,-0.003759398496240518,-0.08664089775392703,0.0012593601089176953,-0.06534519823960183,1,0.04980618556701029
2020-06-04,-0.013052892050727016,1.7745863553259564,-0.020668321038855075,0.1756784539867542,0,0.06851874999999998
2020-06-05,-0.014479127491538235,-0.4684031903809309,0.0243731704212804,-0.4350845148104112,1,0.028516363636363628
2020-06-08,-0.006996120333269684,0.3037389361013909,0.07128939892808939,-0.150091736387167,1,0.36189249999999995
2020-06-09,0.003650803817331738,0.1127344236580472,-0.00727249723232648,2.5728530029877765,0,0.22237599999999996
2020-06-10,0.01148691767708998,-0.09127440279806198,0.08860006092066675,-0.1832303622400273,1,0.24199650349650345
2020-06-11,0.014763406940063062,-0.2303473226482472,-0.05128325206297912,-0.20808702531365864,0,0.2851986754966887
2020-06-12,0.018900770952499313,1.3579027648421889,-0.03718596065445645,0.7294140674288994,0,0.2814930379746835
2020-06-15,-0.0023187698315840777,-0.8919600798330709,0.05821094793057413,-0.8000992582431692,1,0.326418918918919
2020-06-16,-0.006727828746177389,1.3685240338388693,-0.009326267978803982,1.5375476219564725,0,0.21990625000000014
2020-06-17,-0.01483990147783254,2.3226249800263115,0.009220486800949557,0.7955396114707414,1,0.12706535947712416
2020-06-18,0.003500218763672791,-0.7334693799604468,0.013588273299951492,-0.6633831984614197,1,0.1540013793103448
2020-06-19,0.010775459358455253,0.9769102261580558,-0.003436186530148766,1.06357691215993,0,0.20172397260273978
2020-06-22,0.0006162188809464286,-0.38242375908442783,-0.006026564858030992,-0.5736207720291077,0,0.2597933333333333
2020-06-23,0.00012316787781752048,-0.07114282847570919,0.007159088623886367,-0.23325504302609146,1,0.14168144329896903
2020-06-24,-0.006572044334975491,0.12575984156000786,-0.04074236766966832,-0.01217504288640714,0,-0.07577254901960787
2020-06-25,0.010705207313830511,0.31431157758541617,0.02615392621116719,0.782926231595803,1,-0.19438011363636368
