,daily_returns_tlt,daily_returns_tlt_volume,daily_returns_tsla,daily_returns_tsla_volume,avg_sentiment,target
2018-07-03,0.005108767303889206,-0.6257008363901304,-0.07206046497746743,-0.3568867717175299,-0.016739999999999988,0
2018-07-05,0.0028693228398097848,0.04414969776677835,-0.005836461368298962,0.4562804042061255,-0.45045,0
2018-07-06,0.0031063516717075856,0.19946818659446763,-0.0006470188605997018,-0.4926552727264929,-0.4238222222222222,1
2018-07-09,-0.006111971314481268,0.20165850244383532,0.030364831180602847,-0.1908067811588512,0.12203703703703705,1
2018-07-10,-8.199409642495326e-05,-0.0792389370206954,0.012818498853246929,0.23605527307881236,0.09772619047619042,0
2018-07-11,0.003936039360393551,-0.003372305994808089,-0.010764028910878909,-0.4735313068852073,-0.01638108108108112,0
2018-07-12,-0.00016335865392480553,-0.20316937888646014,-0.006835998745688188,0.177076395870019,-0.19086666666666666,1
2018-07-13,0.002614165509353894,-0.008870900086100919,0.0065673149785299145,0.08786286635006713,-0.5340222222222222,0
2018-07-16,-0.004318422553572843,0.22036572786950193,-0.02700752823086583,0.28544373905689824,0.4335833333333334,1
2018-07-17,-0.0018821603927987596,-0.22631168169336768,0.040233405332215755,-0.11252977702869882,0.5571277777777778,1
2018-07-18,-0.0037714192014429715,0.7594753232046805,0.004121858245266008,-0.20265688718432195,0.18735555555555555,0
2018-07-19,0.006007735988807328,-0.08198499413967664,-0.011635802469135759,0.07041037897959823,0.05116129032258061,0
2018-07-20,-0.012025523560209361,0.5598112624419154,-0.020797551759672794,-0.12751432842323496,-0.33966666666666673,0
2018-07-23,-0.012171896994286668,-3.495818127563499e-05,-0.03307076569824918,1.0182478582756151,-0.08640238095238098,0
2018-07-24,0.0031852472757754047,-0.1564530688737703,-0.01906332453825843,-0.09167740126153279,-0.059813043478260886,1
2018-07-25,-0.0017546791443850962,-0.051797072087139906,0.038027032479322154,-0.25289402822214246,0.055699999999999986,0
2018-07-26,-0.0014229513685444228,-0.008446269742408252,-0.007709001392802728,-0.36784010698519887,0.28698,0
2018-07-27,0.0014249790444258448,-0.39517731867520156,-0.02990044067243358,0.21513722709278338,0.2986,0
2018-07-30,-0.0032644178454842576,0.5125071416021916,-0.02358760388976744,0.20604939463734473,-0.1479,1
2018-07-31,0.005122606650990846,0.056239275614491824,0.02746571093803829,-0.27337567156317555,-0.04426428571428572,1
2018-08-01,-0.010109449410978355,0.6524283686085208,0.011199060875398237,0.47880992927972144,0.13930851063829786,1
2018-08-02,0.0014348413234301916,-0.6210612137687572,0.15888075518509792,2.1886702688191537,0.14232291666666666,0
2018-08-03,0.004719764011799299,0.36498029670085197,-0.0031191523049612924,-0.4141344942603187,0.18127142857142856,0
2018-08-06,0.0005871990604815469,-0.34446407640439414,-0.018087855297157618,-0.35671758343766624,0.24938604651162796,1
2018-08-07,-0.004946344735077157,0.12300806442936163,0.10988304093567236,2.6889021301817255,0.20473425925925928,0
2018-08-08,0.0007582778667116763,0.037247034849020366,-0.024237314927024523,-0.28329289454737516,0.14544420289855076,0
2018-08-09,0.008418925745074857,0.35925214271039096,-0.048922728009071825,-0.2891947556706521,0.07855210084033618,1
2018-08-10,0.0073468024711971225,0.09466195765563246,0.009280077215692906,-0.2888188729799749,-0.03777777777777778,1
2018-08-13,-0.0016575501408917503,-0.08283052052890605,0.002477997575444091,-0.14943246866917925,0.2098928571428571,0
2018-08-14,-0.0025734683712435036,-0.43961008362040954,-0.024606492522656565,-0.30590115880575364,0.17641136363636356,0
2018-08-15,0.0053266749895963805,0.9036126801574182,-0.025543665861235798,0.3004821349407034,0.1874961538461538,0
2018-08-16,0.0003311532411622853,-0.2632423621147447,-0.009770929271460616,-0.37219828762318286,-0.00616233766233767,0
2018-08-17,0.0012414135562359707,-0.27085230725617115,-0.08925324191384709,2.3461377751853094,-0.007808771929824581,1
2018-08-20,0.006612663250123996,0.3358774166796743,0.009590520768550936,-0.1473721327760973,0.0447188679245283,1
2018-08-21,-0.0031203810149449396,-0.17032522481578172,0.04363895733367906,-0.17683891137123153,0.11087540983606556,0
2018-08-22,0.0037067545304776406,-0.06126161880136194,-0.0011804908356631838,-0.5223092896198722,0.014286111111111124,0
2018-08-23,0.0015592942141979815,0.18538207060488188,-0.004385419258521872,-0.17831497792552486,0.037946000000000014,1
2018-08-24,0.001966568338249708,0.09359296986393129,0.00843460060604162,-0.3049342250795405,-0.05942857142857143,0
2018-08-27,-0.005969905135754017,0.17815647317070282,-0.010129797713825384,2.705584978596814,-0.1376688888888889,0
2018-08-28,-0.005676676264911529,-0.20798522486718818,-0.02406584465168682,-0.3937036168911273,-0.114926,0
2018-08-29,0.001199735230845489,0.05301233360488844,-0.02235048901715575,-0.053065817615311706,-0.11132999999999996,0
2018-08-30,0.002189992149084663,0.037486719414066894,-0.00572356336919444,-0.027244305111735034,0.16858571428571428,0
2018-08-31,-0.00230889750144303,1.0499791984532565,-0.00489880746202187,-0.2726886549299773,0.19321875,0
2018-09-04,-0.008182494421026476,0.6315146630988391,-0.04196916956737928,0.5520767106683475,0.11828499999999999,0
2018-09-05,-0.0024999999999999467,-0.4678152187735487,-0.028690612131907822,-0.11952093787166918,0.13714814814814816,1
2018-09-06,0.0035087719298245723,-0.3160808522959976,0.0011072370481233218,0.004366589840808954,0.10520588235294122,0
2018-09-07,-0.008325008325008376,0.29035936977029597,-0.06323451698252192,1.8596991359719208,0.11288367346938775,1
2018-09-10,0.0036098052384150314,-0.40661884900635237,0.08440966418477425,-0.30131292407947685,-0.01995,0
2018-09-11,-0.007026348808030103,0.13564195521326683,-0.021123800182161978,-0.39200384468501726,0.07831636363636364,1
2018-09-12,0.0020217336365935257,-0.3274304121546324,0.03983108470815577,0.10060090395015142,0.06440652173913043,0
2018-09-13,0.0013451029844471218,0.24850668563290856,-0.0039234581497796794,-0.3734045133589621,0.12221034482758625,1
2018-09-14,-0.004617580387876741,0.152696310114516,0.019660009674521417,0.07618986574310993,-0.1046,0
2018-09-17,4.2172739541213033e-05,-0.12122650658758183,-0.0010843414320084177,0.010752089745707627,0.022803999999999998,0
2018-09-18,-0.010584911230126948,1.0310092850709394,-0.03344753892601515,1.4967744515620982,0.1363746987951807,1
2018-09-19,-0.005967095729264349,0.22655248514552184,0.04952093496648313,-0.5236020809461818,0.15925671641791042,0
2018-09-20,0.004630820684332404,-0.2449660699055174,-0.0024077046548957037,-0.09474734506935423,0.3145771428571428,1
2018-09-21,-0.0002560819462228414,-0.4200106300534395,0.0023129525341913926,-0.38848437316929496,0.41565,1
2018-09-24,-0.002732240437158584,-0.038938402839069464,0.002407946222534374,0.06752726309269552,0.23907500000000004,1
2018-09-25,-0.0009417808219177592,0.01278644625383607,0.0044039635672104005,-0.065147304088366,0.2358750000000001,1
2018-09-26,0.006941468849087418,1.0208053308272227,0.02828898854010964,0.7535690061761733,-0.3299666666666667,0
2018-09-27,0.0008510638297871687,-0.4190120945088923,-0.0068043560283028715,-0.4461191377050099,-0.3265250000000001,0
2018-09-28,-0.0027210884353741083,1.0909800925266153,-0.13900995251414805,6.618131525512385,-0.3693544117647059,1
2018-10-01,-0.009635061391541577,0.3793423024370537,0.1723504079782412,-0.39371958870341794,0.20307611940298506,0
2018-10-02,0.006543263021954182,-0.5051481331173198,-0.03043262231725652,-0.4417066607804664,0.13528247422680414,0
2018-10-03,-0.017791463518946227,1.4985247026797661,-0.01950814223994679,-0.26036660953677837,0.18043285714285714,0
2018-10-04,-0.006966820517286365,-0.29616973442888817,-0.04470731789987459,0.13436236090899323,-0.07634035087719299,0
2018-10-05,-0.008594229588704816,0.12212708256382943,-0.07043003122338909,0.8695980669380079,-0.14324814814814815,0
2018-10-08,-0.003361344537815114,-0.7412563069231439,-0.043703958166342316,-0.2591046824637172,-0.04484400000000005,1
2018-10-09,0.010029289074287684,1.665045581317195,0.048974215694100875,-0.07638825968947738,0.012602439024390242,0
2018-10-10,-0.002636203866432263,0.41673186453696665,-0.022525779079943797,0.0561813284758832,0.07983571428571427,0
2018-10-11,0.012070484581497842,0.04444185005593804,-0.017750788275137097,-0.378629573699823,0.2607370370370371,1
2018-10-12,-0.003395142334813306,-0.5665843661326981,0.027028098125470468,-0.12164969824787797,0.4911,1
2018-10-15,0.0,-0.0737453691802129,0.0015820953115956993,-0.08415143566477157,0.2646692307692308,1
2018-10-16,0.0015723270440251014,-0.27093456512953906,0.0654184003698568,0.4413457317746414,0.2174257142857144,0
2018-10-17,-0.005843362986220124,0.263548852595763,-0.01714037752223918,-0.07413661400489369,0.1150375,0
2018-10-18,-8.772699359582692e-05,-0.014499162140017008,-0.028881530537159805,-0.3825801510317772,0.09953088235294122,0
2018-10-19,-0.002193367257413592,0.9720127530022167,-0.014813411630990592,0.7639880899254377,0.1023661016949153,1
2018-10-22,-0.0014068407632111812,-0.7070719169096531,0.0034610059990769493,-0.43437109609668456,-0.07548571428571431,1
2018-10-23,0.002993748349035874,2.232591937707178,0.1276921897754273,2.5001952842507156,-0.028120895522388056,0
2018-10-24,0.007462031428320692,0.574745312444972,-0.018419085162781235,-0.14214201300660922,0.2055274193548387,1
2018-10-25,-0.003938654583478529,-0.2481170912206635,0.08991136961639667,0.30299756971951064,0.19949821428571424,1
2018-10-26,0.0057038877418902345,0.5850769313770117,0.050252533274038225,0.38640353769732805,0.2288858695652174,1
2018-10-29,-0.0021746694502435826,-0.5976898751528616,0.018631098206454366,-0.4704820766160043,-0.04579333333333334,0
2018-10-30,-0.004358817888588606,0.28237531626252244,-0.020725080910953486,-0.3632627172173718,-0.01997872340425531,1
2018-10-31,-0.005516154452324673,-0.14181083536342065,0.022649404202419454,-0.21138455688145064,0.09523636363636363,1
2018-11-01,-0.0015847860538826808,-0.3886566226509135,0.020279886148007575,0.11557554007739324,0.26275135135135136,1
2018-11-02,-0.012257495590828893,0.9275836755666054,0.006770893874229911,-0.03298753854562597,0.25917894736842106,0
2018-11-05,0.003838942951522206,-0.628297745443894,-0.01495165247510466,0.24578101934440055,0.3273285714285715,0
2018-11-06,-0.0007114905727498844,-0.1222172501866935,-0.0006153485510006496,-0.14319586889068348,0.2405117647058824,1
2018-11-07,0.0015129939480242882,1.89240359460194,0.020427490764088452,0.12678114701976262,0.235175,1
2018-11-08,-0.00026659557451347293,-0.32660921733826,0.0093757093558835,-0.2712508106268058,0.11521470588235296,0
2018-11-09,0.007555555555555538,-0.06419757744541821,-0.0021634546955507927,-0.25850266854005244,0.1636444444444445,0
2018-11-12,0.006528451698279758,-0.04606611910068603,-0.05528770718626075,0.38480293151289136,-0.19256666666666666,1
2018-11-13,-0.0008765010079762048,0.01773601164110805,0.022527555488449424,-0.2975826765504114,-0.03331666666666666,1
2018-11-14,0.0008772699359593794,0.5286741676952427,0.016361005286317454,0.2567526508737188,0.15671333333333334,1
2018-11-15,-0.0004382505039880469,-0.12945688916811993,0.012378323405491942,-0.09120429806798125,0.2499347826086956,1
2018-11-16,0.005349000350754141,0.046586964916357276,0.01687666829310297,0.6035931300089945,0.3730933333333332,0
2018-11-19,0.0030963802878325453,-0.2540641059047598,-0.0022859804115273885,0.3306210902022846,0.031071428571428576,0
2018-11-20,0.0003912873353333346,0.07894642546213482,-0.016267110934957807,-0.18243243172215629,0.13249,0
2018-11-21,-0.0002607561929596214,-0.24183061401526618,-0.02752135277370371,-0.4074605861466646,0.13523333333333332,0
2018-11-23,0.0009563554164493393,-0.41922993193265856,-0.03595930920274437,-0.12173545851625034,0.133425,1
2018-11-26,-0.0022583166854859282,1.1266790704655292,0.061165644171779165,0.9061760715677256,-0.25688571428571433,0
2018-11-27,0.0013058239749281775,0.015958687697075424,-0.005868069607446347,-0.22453356920046696,-0.23487727272727274,1
2018-11-28,-0.005390366892714216,0.3105665502883088,0.01151464045825934,-0.33272001797156636,-0.05565263157894735,0
2018-11-29,0.004283216783216748,-0.12034557728032569,-0.019260068416362408,-0.24783201809932986,-0.09006666666666666,1
2018-11-30,0.0036556706414831996,0.3087399839926477,0.027024650467508682,0.7853972243896445,-0.005030000000000002,1
2018-12-03,0.004856473853091625,-0.008113927975693103,0.02354519249978604,0.49976600339961896,-0.05655294117647058,1
2018-12-04,0.016829205143695347,0.8138862824506445,0.002658376087441461,0.026197654408061988,0.07841739130434783,1
2018-12-06,0.0030555084026482326,-0.06883700022850237,0.009640332664615059,-0.06563928130452257,0.04609000000000002,0
2018-12-07,0.0019673379590454676,-0.49048061680667443,-0.014294882388586005,0.45256668626568186,-0.0232470588235294,1
2018-12-10,0.004116964002955914,0.13920271210819002,0.02031435428665329,-0.4330165753671018,0.03119000000000002,1
2018-12-11,0.0,-0.12974029702168877,0.004244947143561495,-0.039374856877547604,0.039886363636363636,1
2018-12-12,-0.004541631623212861,-0.20109411402976818,8.181297553799816e-05,-0.19840972520632605,0.09819655172413792,1
2018-12-13,-0.002365664075701268,-0.1928589079816868,0.027732329842931724,0.45090779604844,-0.11953333333333335,0
2018-12-14,0.003387533875338855,0.6720122124653649,-0.029929157048475652,-0.12387296965377403,-0.1357608695652174,0
2018-12-17,0.005676063470627879,0.15737863511057637,-0.047372883673860056,0.18490292875800107,-0.1346333333333333,0
2018-12-18,0.0037556912360210415,0.008999689301421476,-0.03290361480375559,-0.06355372070283194,-0.431,0
2018-12-19,0.013127090301003452,1.3377377925691527,-0.011430098269156419,0.17213049739345387,-0.2426166666666667,0
2018-12-20,-0.0038788478996450992,-0.19177072579332954,-0.05305123430836689,0.05393677598887492,-0.1896421052631579,1
2018-12-21,8.285004142494223e-05,-0.5352100271753946,0.014572728858443185,-0.11131961701741555,-0.006081818181818188,0
2018-12-24,0.004804904316129566,-0.11990225824652556,-0.07570879309805889,-0.29322690755864533,0.37213125,1
2018-12-26,-0.010470772528650474,0.3525636030040846,0.10277655652879703,0.4816180647958497,0.32533703703703704,0
2018-12-27,-0.00018330278286948776,0.09407490423957454,-0.03116167811579984,0.0482910172817399,0.19432857142857146,1
2018-12-28,0.008516808613476812,-0.23557199140291796,0.05679054237987757,0.07974651224519413,0.19238333333333332,0
2018-12-31,0.004379441414642304,0.9741155758837876,-0.007209309291319688,-0.34270917398415945,0.0,0
2019-01-02,0.00493624023035788,-0.20297611427267281,-0.06511690492561406,0.8227688777098339,-0.05257428571428572,0
2019-01-03,0.011338518215308957,0.36599148933739944,-0.030851334705306876,-0.37940309707778486,-0.13939743589743595,1
2019-01-04,-0.010725705265714147,-0.4172963266445685,0.05737404681828773,0.046704837864333326,-0.5994,1
2019-01-07,-0.0036412732182308227,-0.32799396977252815,0.05494110978144473,0.03007540544278897,-0.15739999999999998,1
2019-01-08,-0.0029565145977907825,0.02810720119962662,0.0015045404882592095,-0.08711673020208266,0.005239999999999993,1
2019-01-09,-0.0014414562826901012,0.08979916402361998,0.009031565769471506,-0.2082988436436949,0.10848571428571427,1
2019-01-10,-0.006310319227913919,-0.08547999045998789,0.01887628500531746,0.10014879086267148,0.08661428571428569,1
2019-01-11,0.0036525131781015574,-0.2819909061148548,0.007074309240091559,-0.1614733156385152,0.215575,0
2019-01-14,-0.003845994789297369,0.21342768904299048,-0.03641859795595226,0.04437252362434241,0.19695,1
2019-01-15,-0.0036532713384257454,0.3715788919399696,0.028816850911263847,0.15848899683359385,0.15245,1
2019-01-16,0.0011250000000000426,-0.3550866431707199,0.004486779247556916,-0.22438671841881608,0.038500000000000006,1
2019-01-17,0.00045781828775948163,0.37065712037050424,0.003642776605279119,-0.22491856105798858,-0.09894,0
2019-01-18,-0.0048256926532989075,0.808729358537883,-0.1294253204666569,5.397288236066386,-0.13965555555555556,0
2019-01-22,0.006186773681130298,-0.4172282388202425,-0.013367745351068772,-0.4836197379098919,0.4239733333333334,0
2019-01-23,-0.0003739094308266022,-0.3379637139541558,-0.03689046884432223,0.009511219134202165,0.2866476190476191,1
2019-01-24,0.006358837953534646,-0.058621353123650244,0.0162789887875201,-0.34770814073876377,0.10903548387096773,1
2019-01-25,-0.004129842240026438,0.16528114310073927,0.017628616950197795,-0.09981900708883407,-0.1269157894736842,0
2019-01-28,-0.0011611511984738199,0.03635183364591654,-0.002087542087542138,-0.10358737902379944,0.14451363636363634,1
2019-01-29,0.004982147305488516,-0.20324397884782108,0.0026992374654160045,-0.28808426061059456,0.08918363636363633,1
2019-01-30,-0.0011980500702304386,0.8243949564240307,0.038781210041052505,0.7956321734670377,0.24560740740740736,0
2019-01-31,0.008272324936923425,0.20625438624317316,-0.005303121102670727,0.49550095867386834,0.21196515151515147,1
2019-02-01,-0.007671165442835526,-0.02462500635281961,0.016648435085529822,-0.40385116901885,0.3716333333333333,1
2019-02-04,-0.004340636626705252,-0.3289948303309467,0.0009126142249298308,0.005763158969391613,0.2309857142857143,1
2019-02-05,0.004525638364127005,-0.23591445754013507,0.028499191909493904,-0.08598807329489977,0.1237615384615385,0
2019-02-06,0.000330660494337387,-0.13156820812959968,-0.011202041260852003,-0.2604620148456007,0.005994230769230751,0
2019-02-07,0.006693661680852614,0.6515772277921579,-0.0320045945180476,0.3045855421564858,0.005994230769230751,0
2019-02-08,0.004720078804794081,-0.42608466746257145,-0.007346881452172216,-0.10163339470902444,0.06788275862068964,1
2019-02-11,-0.004166836880591496,-0.13406745591663516,0.02515228925132651,0.204528705395149,0.1165875,0
2019-02-12,-0.0026664478811995185,1.0304736994513535,-0.003290524567120201,-0.2309401779074488,-0.04409538461538461,0
2019-02-13,-0.003701875616979322,-0.4783515954288672,-0.011699092919644993,-0.045144137856728994,-0.09556249999999998,0
2019-02-14,0.005531335149863814,0.20414763830982796,-0.014140234805733787,-0.008826290239846601,-0.056075000000000035,1
2019-02-15,0.001602070620849494,-0.049098156016322836,0.012626159615764188,-0.25016204503293005,0.3524466666666666,0
2019-02-19,0.0029104324656692437,0.02763550451159591,-0.0072383657751121655,0.07456120074373551,0.12755000000000002,0
2019-02-20,-0.003024605575083772,-0.13389937000947116,-0.010013416669393593,0.632591486054437,0.1014590163934426,0
2019-02-21,-0.008855362413906165,0.5919702246335354,-0.037318613030112635,0.3287027536795044,0.11478382352941173,1
2019-02-22,0.005542686962276555,-0.20598578555616853,0.011845900288421918,-0.35930425826827617,0.07379655172413792,1
2019-02-25,-0.002797202797202858,-0.04688800789452319,0.013607519766534404,0.07955650298895778,-0.2647388235294117,0
2019-02-26,0.0048675851827406635,0.1237151734097599,-0.002979578172078945,0.3737706703749948,-0.28343541666666666,1
2019-02-27,-0.011001642036124859,0.16371160951459518,0.05703300762230956,0.31142903581667336,-0.2632051724137931,1
2019-02-28,-0.003486634567491209,0.3348143723938566,0.0159310027160533,-0.16464460696599126,-0.04157324840764332,0
2019-03-01,-0.011412862379207023,0.3322612772212461,-0.0786404427628904,1.437920857579901,-0.012052980132450337,0
2019-03-04,0.007668323923485376,-0.3491718694923551,-0.03176542455711673,-0.24589874945888468,0.046294999999999996,0
2019-03-05,0.002257902659307476,-0.33981921078126043,-0.03035401331931309,0.10178858970722016,0.10709396551724136,0
2019-03-06,0.003671255736337198,0.4001511052950435,-0.0014820705610177898,-0.4348417927859659,0.15550000000000008,1
2019-03-07,0.006567461966913157,-0.0016513113292137005,0.0013394634905694591,-0.12686757514913227,0.2256432098765433,1
2019-03-08,0.004046911133135156,-0.08973010337880771,0.027223427331887207,-0.046029411947164034,0.14828266666666673,1
2019-03-11,-0.003043514024841598,-0.25066689038397716,0.023686340759511593,-0.1746895721717433,-0.03777142857142858,0
2019-03-12,0.0069216171617161315,0.2680161273343955,-0.02575122051846257,0.02105603213624674,-0.13626181818181815,1
2019-03-13,-0.0018551461869944497,-0.29627735288980783,0.019550411123266498,-0.08038365952006499,-0.1324385245901639,1
2019-03-14,-0.00687532067727048,0.7983344876133796,0.0036343497975146466,0.022193989877244746,-0.0475564356435644,0
2019-03-15,0.00582765034097954,-0.5916604727466593,-0.04969926886467102,0.32406431287817306,0.10880180180180178,0
2019-03-18,-8.218277449045797e-05,-0.018932669320539608,-0.02188066595729543,0.1025546450459014,0.02102586206896552,0
2019-03-19,-0.001890359168241984,0.6311094304537428,-0.007940041555357658,0.15678755529490718,-0.14644466019417474,1
2019-03-20,0.010128458498023685,0.8610992712305365,0.02288877253347299,-0.41058910208342836,-0.14073603603603607,1
2019-03-21,0.0022825466699274433,-0.2530421914315222,0.0019926873857405436,-0.15061974281775226,-0.16492840909090908,0
2019-03-22,0.015697437982919782,0.7510666273767133,-0.03431918115637955,0.46515759871800366,0.11062183908045976,0
2019-03-25,0.0015614990390775407,-0.21348675099453818,-0.015681680773881435,0.16725783668284144,-0.06595192307692309,1
2019-03-26,-0.0008394963022186896,-0.2382752632516787,0.02790970862605091,-0.27098340949080557,-0.16629000000000002,1
2019-03-27,0.008882131711610786,0.8338707332201509,0.026664903895351033,0.18976540135914166,-0.13937128712871294,1
2019-03-28,0.003648477157360386,-0.34344539920235084,0.013386686067661024,-0.2377688968201006,-0.037297297297297284,1
2019-03-29,-0.0007902639481587315,0.1461267351864679,0.004199870773206937,-0.11778131281761095,-0.06463380281690137,1
2019-04-01,-0.016371401455235635,-0.20204237742395859,0.03370866845397669,-0.3508125212716382,0.19864444444444446,0
2019-04-02,0.0017689153332798302,-0.024660016547377817,-0.011515319178366346,0.4040512072951066,0.037895238095238086,1
2019-04-03,-0.008668432458463715,0.21829944052664185,0.020675179289837198,0.4692335025873535,0.03243260869565216,0
2019-04-04,0.002914743745445758,-0.3224304263397838,-0.08212229229503698,1.792336901546343,-0.07990628571428576,1
2019-04-05,0.0012109469605230405,-0.29580405385176456,0.02673637042569066,-0.4151894053970243,-0.04164110169491528,0
2019-04-08,-0.0033865505563619447,-0.043372247741569,-0.006582775676462038,-0.20305739356506614,-0.20607761194029856,0
2019-04-09,0.002912621359223211,0.5503802276726433,-0.0027457440966501823,-0.42811061550446217,-0.31578095238095244,1
2019-04-10,0.0022587931590836163,0.050298287169973976,0.01339941262848754,0.13142315090249435,0.08501612903225804,0
2019-04-11,-0.005513522215067512,-0.15778179304846973,-0.027531968846223664,0.3830136288858679,0.11448312500000002,0
2019-04-12,-0.0069199951438631,0.08926719031158381,-0.002867575241255471,-0.26067594648179215,0.18573916083916087,0
2019-04-15,0.002363488182558937,-0.5356488950038274,-0.004856545128511747,0.4688341958374169,-0.006387499999999985,1
2019-04-16,-0.00617936417594922,1.6154288077867447,0.026015466626623684,-0.2825668638303822,0.05265454545454545,0
2019-04-17,0.00016362595107577427,-0.24340385107690554,-0.007650653104533389,-0.28160499642700354,0.10193015873015876,1
2019-04-18,0.005316973415133042,3.560246548258559,0.00752528399559016,0.1444721160067226,0.10463508771929823,0
2019-04-22,-0.00480065093572013,-0.778295305518559,-0.03793346995535385,1.0231676128210232,0.043670175438596484,1
2019-04-23,0.0018804676641321905,-0.04721829012622103,0.00412979665211477,-0.10388118017719816,0.07472916666666668,0
2019-04-24,0.008323812632609728,0.06382409375559805,-0.02003712402454727,-0.1856337992110153,0.06978969696969703,0
2019-04-25,-0.0013758497895759447,-0.27122941575024395,-0.042976435943169244,1.4700619610446242,-0.0039635555555555466,0
2019-04-26,0.0034038414782397997,0.18307751565169728,-0.05062345247664335,0.0283277006094087,-0.013251249999999984,1
2019-04-29,-0.006138437929084972,0.6673359258064633,0.027218771272974784,-0.24890248477230248,0.08324222222222223,0
2019-04-30,0.004774481917919626,-0.1508220975533061,-0.01137975666580382,-0.43228867229234036,0.12777413793103445,0
2019-05-01,0.001961379031442556,0.6650887722058498,-0.019607021659893586,0.14380836983834167,0.13101269841269844,1
2019-05-02,-0.004601226993865004,-0.48169578972503935,0.04303234904491271,0.44142495823267036,0.209093984962406,1
2019-05-03,0.002554537344902963,-0.20211589924976636,0.04490331039003603,0.41537401398877694,0.2235427947598252,1
2019-05-06,0.0030333670374114163,-0.17571081096820795,0.0011566813048933255,-0.5467892629604667,-0.07551184210526315,0
2019-05-07,0.007580645161290311,0.805612956113126,-0.032408404644878264,-0.0003541722295241634,-0.02035740740740741,0
2019-05-08,-0.00416199775892423,-0.15279097289122812,-0.009309479478669225,-0.39663497862581953,0.048005,0
2019-05-09,0.004018646519852176,0.44042341116813133,-0.011358065043307719,0.12118003301605396,-0.0016511627906976591,0
2019-05-10,-0.0014409221902017544,-0.40762174655758643,-0.010207455161583612,0.04040082806447054,0.03392025316455696,0
2019-05-13,0.007937309603976317,0.6676710885799166,-0.05218988768736166,0.5125854910669418,-0.3617038461538462,1
2019-05-14,-0.0029436069803491227,-0.39822211029909294,0.0225100215849523,-0.32861855335628953,-0.20104347826086966,0
2019-05-15,0.005823229100191396,0.64908084441783,-0.0008616232982940897,0.012851811315581774,0.057187037037037036,0
2019-05-16,-0.0030137203584741368,-0.18103754218711943,-0.015845981372887175,0.01664154694993747,0.06649814814814814,0
2019-05-17,0.002227348659613382,-0.4394544095030122,-0.0752345067799951,1.3835979129788973,-0.08438481012658228,0
2019-05-20,-0.001984284467021147,0.30830707773199095,-0.027161680005647337,0.16192749772513082,-0.003366666666666673,0
2019-05-21,-0.0017496421186575795,-0.3275325405108964,-0.0018018895490405917,-0.1417542624714453,-0.07868846153846154,0
2019-05-22,0.005576800509878854,0.3710035857423739,-0.05991120651802706,0.057673868287674734,-0.002353947368421064,1
2019-05-23,0.011329424813817157,0.6841085567634129,0.014479215319944005,0.3238524988051332,-0.041314720812182716,0
2019-05-24,0.0009400705052877711,-0.5372612145433181,-0.024321158174749336,-0.4308896468791341,-0.07823988764044945,0
2019-05-28,0.007513500821789032,0.766665923077192,-0.010516149632692318,-0.26498048776894245,0.04413064516129031,1
2019-05-29,0.0027957741008313164,0.6361171955653988,0.0061996608732513,0.1512579517175383,-0.013283552631578951,0
2019-05-30,0.00848323532669859,-0.04897534114614688,-0.009005213544683643,-0.34178189444045326,-0.0701522222222222,0
2019-05-31,0.01255905058186424,0.5488495281558279,-0.014347964714635064,0.2956269653822796,-0.14667430167597764,0
2019-06-03,0.004399180700956018,0.021881278644887203,-0.034882467112357096,0.289617714595954,-0.04854534883720931,1
2019-06-04,-0.011064207752422783,-0.35381793925954896,0.08323557343165189,0.059403342239175316,0.0008281690140845194,1
2019-06-05,-0.005995341199831916,-0.2676428997251733,0.014269506472074589,-0.041549694823574734,-0.02185253164556963,1
2019-06-06,0.0034575489819437255,0.05835976784017549,0.0478093523899592,0.5490020912851663,0.11449745762711865,0
2019-06-07,0.0087289433384381,0.07584994616936669,-0.00820069875776408,-0.23495538565663765,0.09640126582278484,1
2019-06-10,-0.009259905875208752,-0.33286532697697624,0.04153823572581827,-0.33016012726298527,0.17992093023255812,1
2019-06-11,0.0006887828005035512,-0.19477280143825026,0.01982337467117623,0.061384628057862045,0.1612054545454545,0
2019-06-12,0.0005359467115839678,0.041477826982621924,-0.03630907415937357,0.35354289937755623,0.25362010309278343,1
2019-06-13,0.003443526170798794,0.9305626476882563,0.02233419511675172,0.08960499969865188,0.21795625000000007,1
2019-06-14,0.00244032639365499,-0.04006472392296179,0.004815559399691471,-0.09147187307860039,0.1840622857142859,1
2019-06-17,0.0015968048687713399,-0.45611213430924946,0.04704075935231722,-0.16177541458082623,0.19994767441860464,0
2019-06-18,0.005127605292120085,0.6870387624068224,-0.0012887170599474862,0.010186696414573149,0.12941428571428568,1
2019-06-19,0.0013224014810895302,0.2990865323899967,0.007074842039690221,-0.4834625438899943,0.1432846666666667,0
2019-06-20,0.002792242094936226,-0.12309527966076383,-0.02977952547165652,0.7934420276487897,0.07837405063291138,1
2019-06-21,-0.010912101143889186,0.159653146037666,0.01047406530352002,-0.314344959073922,0.04555158730158729,1
2019-06-24,0.007532526820360541,-0.564786451805992,0.007886790752174466,-0.28474004114125917,0.27263285714285695,0
2019-06-25,0.0034737954991692632,0.6870092867161477,-0.017304596673224704,0.07743181281990785,0.22031686746987936,0
2019-06-26,-0.0068482841661648974,-0.35014524314264883,-0.0026846248350548274,0.37307590434323434,0.15166106194690254,1
2019-06-27,0.006592407365310304,0.30245016515228484,0.016561730084861725,-0.2660515472559022,0.1053882978723404,1
2019-06-28,-0.0001505570611262108,-0.07385780911956041,0.0029172837843902677,-0.03291845203954247,0.03364190476190476,1
2019-07-01,-0.004140942629122013,0.8415583571665743,0.016557773203257797,0.34796811814956596,0.12650333333333333,0
2019-07-02,0.007409087472593834,-0.3236174148275345,-0.011181546046839186,-0.12779453405786723,0.09420789473684213,1
2019-07-03,0.006829268292682933,-0.458962824674767,0.04576618288665313,0.9633893552227955,0.2085689999999999,0
2019-07-05,-0.012895050685748255,1.0608813365437122,-0.007449978714346495,-0.4972386282666862,0.22919742268041235,0
2019-07-08,0.0014347202295552641,-0.4863325768913086,-0.011880763457001953,-0.15120598098026627,0.25451555555555555,0
2019-07-09,-0.0004524204494043005,0.05994476193692222,-0.0013890094626269889,0.06284018548979886,0.194428,1
2019-07-10,-0.005582377791188975,0.565569358655396,0.03851169260192977,0.41239106906268086,0.3218081395348837,0
2019-07-11,-0.013275678956152337,0.5055620628103228,-0.0013393604553825211,-0.14324017361544472,0.2746741573033706,1
2019-07-12,0.0010763435073422034,-0.4632888799254684,0.027074601844090607,0.20068028288025896,0.3407565217391302,1
2019-07-15,0.0058367252899163,-0.16713499155689748,0.034358932506324935,0.20595011177272893,-0.07195714285714283,0
2019-07-16,-0.0030541345346263293,0.11975265172312266,-0.004260691178791132,-0.2660210742600845,-0.012480869565217377,1
2019-07-17,0.010798805238569242,0.42578266082562743,0.009627575277337597,0.20988022831101705,-0.09082537313432833,0
2019-07-18,7.57690559176627e-05,-0.37478179196117223,-0.004865989090766409,-0.5178999711525674,-0.016954054054054042,1
2019-07-19,-0.002197136146677936,-0.004410741866374357,0.01770140778421858,0.5070945969207696,-0.0960102564102564,0
2019-07-22,0.0017084282460138045,-0.11788631556696294,-0.009411462928584857,-0.0435812202435123,-0.004993103448275867,1
2019-07-23,-0.005419746067841569,0.6196301407197171,0.01740661060043025,-0.25243521377520317,0.1101980769230769,1
2019-07-24,0.004343418946726629,-0.32186146752472145,0.018949634755863087,0.5184835150927252,0.009092708333333343,0
2019-07-25,-0.004704055777853822,0.4914868296270891,-0.1366591102551873,1.789396959521829,-0.07066441441441444,0
2019-07-26,0.0024397682220187455,-0.4570550868207237,-0.0035409260601144688,-0.5277634149150963,-0.1027330909090909,1
2019-07-29,0.00015211439002138505,0.1214673142773457,0.03417543859649119,-0.08047344400255896,0.14277848101265825,1
2019-07-30,0.0024334600760456127,0.1574952747299747,0.02743095609689883,-0.11890113244830647,0.21978488372093025,0
2019-07-31,0.008192990441511228,1.8411359040243216,-0.0026417898125979944,0.12085550056683925,0.30662317073170736,0
2019-08-01,0.01779533483822404,0.47072694066454046,-0.0317854482244847,-0.09487726369793648,0.16926491228070178,1
2019-08-02,0.00876058108158051,-0.4538706804321173,0.0014465247499360068,-0.37133795438352213,0.07789999999999994,0
2019-08-05,0.01780872114327603,0.48118283899514913,-0.024750040976889154,0.3016596410609147,0.22228837209302327,1
2019-08-06,0.007524481566820285,-0.3595825548870417,0.009410014005602374,-0.19468085986539974,0.2488120689655171,1
2019-08-07,0.0007504020010720147,1.6445397850758932,0.012314096171356814,-0.12964023786662016,0.42140267857142893,1
2019-08-08,0.0020709847889737176,-0.5424234611606379,0.02064505075598566,0.09888989803936998,0.2747773195876288,0
2019-08-09,-0.0019241733181298848,-0.29622357040664415,-0.013806706114398382,-0.26819205972620586,0.2905307692307691,0
2019-08-12,0.02077829346661897,0.20340943378322618,-0.025446808510638297,0.20564454531863707,-0.013610344827586187,1
2019-08-13,-0.003357582540570947,0.2733116968376825,0.025980263732425124,0.05060617661209332,0.021451999999999975,0
2019-08-14,0.02245929253228529,-0.16225084624623198,-0.06545516448908373,0.8742086322444136,0.06785961538461542,0
2019-08-15,0.011188907193849573,0.7626396060507652,-0.018534541645794378,-0.10278292638356279,0.003772222222222254,1
2019-08-16,-0.008078202430249148,-0.33063412684987237,0.020415738678544848,-0.38484088016002904,-0.04172499999999997,1
2019-08-19,-0.014098001642485647,-0.288605156418717,0.03132957439068762,0.05115059165846714,0.18249,0
2019-08-20,0.009926419547410914,-0.37472085226643026,-0.005114412944755453,-0.25734808420207533,-0.0343325,0
2019-08-21,-0.0063921919032235985,0.2977884990174746,-0.021537779747396457,0.9512006054714592,-0.200325,1
2019-08-22,-0.006433314886552299,0.5215251329075852,0.005706780198378558,-0.25446859835941993,0.019860679611650483,0
2019-08-23,0.016013367680846713,0.1672727465074204,-0.04800720558432792,0.4643205543595972,0.0516156862745098,1
2019-08-26,-0.003768930309052343,-0.32920256193925657,0.01698282794834194,-0.41412262142733014,-0.18886595744680854,0
2019-08-27,0.015545467051863993,-0.1452296653053755,-0.0038143083077495366,0.06467179350134833,-0.095075,1
2019-08-28,0.0010837171498241371,0.01775772591899938,0.006677250653716937,-0.38125272879529803,-0.00864117647058823,1
2019-08-29,-0.003721244925575129,-0.13822784160781088,0.028340832135071103,0.5737494282708162,0.060032456140350826,1
2019-08-30,0.00020373514431248907,0.6649190992327496,0.017591339648173276,0.6962305016652341,0.0785437837837838,0
2019-09-03,-0.000629413362303155,0.09693254703191445,-0.0021719858156027394,-0.38482592052806275,0.14836249999999998,0
2019-09-04,0.0013092162163448329,-0.4730444415189602,-0.019545999733463715,0.07880660449129495,-0.1313053846153847,1
2019-09-05,-0.01750576740398957,1.021633786016824,0.03973539939286841,0.28331460406621245,-0.1000669014084508,0
2019-09-06,0.00677900552486177,-0.45539151982993265,-0.008671779675788693,-0.41665120494115515,-0.13726339285714292,1
2019-09-09,-0.01767438414724487,0.494782022924773,0.018857971778979188,0.12353941596624107,-0.07726666666666666,1
2019-09-10,-0.01756223595544859,0.0298742405370942,0.016222279748036916,0.0097002903774559,0.040522222222222216,1
2019-09-11,-0.001776956429028309,-0.2730261291153645,0.0496306359853953,1.062874644516722,0.13394659090909095,0
2019-09-12,-0.006337225861577811,0.7210307618975249,-0.005541398697568978,-0.1622657096112995,0.2602223684210526,0
2019-09-13,-0.021282694374776034,0.08047672328006494,-0.00239973968925411,-0.3689972162300056,0.1675436170212765,0
2019-09-16,0.012227266071167087,-0.4264541558264092,-0.010478248460879969,-0.12129682168160072,0.12922285714285714,1
2019-09-17,0.005931283905967311,-0.14175436634387828,0.008611454470539792,-0.1726094797264831,-0.048266666666666666,0
2019-09-18,0.0040627022362837995,0.23635605273217308,-0.005555782507455365,0.08185394290632408,-0.09071585365853656,1
2019-09-19,0.0029720342321053472,0.18681520367883442,0.012940064905722304,0.11573095429361113,0.23366698113207546,0
2019-09-20,0.01285255265976426,-0.26473548713619477,-0.024292318922864875,0.346214151972736,0.16823983050847455,1
2019-09-23,7.04970038774011e-05,0.5445748122315626,0.002743256161935159,-0.3065966638949732,0.11923157894736842,0
2019-09-24,0.012195121951219523,-0.1577361958202783,-0.07447999999999999,1.9808409481952092,-0.08858450704225351,1
2019-09-25,-0.015182812173549776,0.12084186614193193,0.024266655081898625,-0.27829236032707183,-0.015299056603773582,1
2019-09-26,0.006718765800697302,-0.42163860740430625,0.060428508963707994,0.2795402928508943,0.07704081632653058,0
2019-09-27,0.002669289126159047,-0.0135769201205731,-0.001608114794656168,-0.0682670141990609,0.10750839160839157,0
2019-09-30,0.0022418383074120918,-0.031910051008767204,-0.0053277165159211215,-0.47895625721474167,-0.13542000000000004,1
2019-10-01,0.0014679155599048865,1.1202248319883816,0.015985716658362348,0.06246807720286651,0.12342857142857146,0
2019-10-02,0.0023731416207162237,-0.22834615722864027,-0.005925865380685735,-0.13618498950617175,0.2328657657657657,0
2019-10-03,0.0091107861569526,0.05946723898944506,-0.04242723236309831,1.7013742115412747,0.19140200000000016,0
2019-10-04,0.007444879325192666,0.5325598726440746,-0.006457582002404205,0.10865050958668165,0.12494701754385976,1
2019-10-07,-0.008337825425538625,-0.1939748917583306,0.027241429823966268,0.00519256688270775,0.10849230769230768,1
2019-10-08,0.002693742229589624,0.5679388287973439,0.009591115598182709,0.0812484028653222,0.211,1
2019-10-09,-0.005855204243300882,-0.33744724474788945,0.018874999999999975,-0.2098236202357333,0.23853629032258086,1
2019-10-10,-0.014481707317073211,0.6213186424404997,0.0008587903324746016,-0.07818042309373152,0.2967028301886793,1
2019-10-11,-0.0122337059692047,0.615419403099809,0.012380485413091558,0.3225147348520625,0.1870744186046511,1
2019-10-14,0.006975585450921695,-0.7309016765998857,0.03692941034023489,0.2151458415858054,0.11169117647058822,1
2019-10-15,-0.012158054711246202,0.8023400598935657,0.003658726451813754,-0.3637532658918454,0.21070169491525428,1
2019-10-16,0.0009302325581395099,-0.34354231104248356,0.007097649887535917,0.035416022245317036,0.17461139240506332,1
2019-10-17,-0.0020732056048040626,-0.21347417497405696,0.008817429383165098,-0.2881117326309146,0.2382736263736264,0
2019-10-18,0.0,0.11550660827922776,-0.019047637224215763,0.21436822339283523,0.22385411764705876,0
2019-10-21,-0.007880220646178104,-0.4066412140199078,-0.013852295362580258,-0.5996927838915956,0.169675,1
2019-10-22,0.00612390786338346,-0.13351308644640536,0.008246853174446622,-0.009830847478288773,0.2564051282051282,0
2019-10-23,0.0009466183333919354,-0.21857406613119412,-0.002469474013775841,0.14122966169666462,0.2648033333333334,1
2019-10-24,-0.001971750197175104,0.034149750177242755,0.17549207694329683,4.204033009958165,0.3649977528089887,1
2019-10-25,-0.004992995438054426,0.09314769979934212,0.09535411521260251,0.10071954873949496,0.3459116465863452,0
2019-10-28,-0.008736462093862918,0.4974094613955593,-0.002071970504890497,-0.3544315240246674,0.30005058823529424,0
2019-10-29,0.0005827081360625375,-0.38302105498320804,-0.0345332966932308,-0.3324470807824197,0.20243658536585374,0
2019-10-30,0.014413627429569642,1.0103493767965608,-0.004237824161922754,-0.26823247689219376,0.3128807228915664,1
2019-10-31,0.013491209185504172,0.5188911184188325,0.0007304833894428153,-0.4520198021028343,0.2464567567567567,0
2019-11-01,-0.004850244282376237,-0.37815704871743516,-0.005966549239899699,0.23477604174865485,0.3116985185185185,1
2019-11-04,-0.013056316482265351,-0.03728589466284815,0.013457424731011303,0.40231057722261965,0.1906,0
2019-11-05,-0.011102299762093759,0.39241186754690394,-0.0008348428762698923,-0.2646671454682733,0.08905588235294115,1
2019-11-06,0.005905081285995539,-0.3102987053063325,0.030079455164585545,0.22817557527173582,0.05651709401709401,1
2019-11-07,-0.017901145093491833,0.991237772424814,0.02659932659932651,0.8259685160886667,0.06016186440677965,1
2019-11-08,-0.004427717511622742,-0.4893485250516345,0.005158174066012711,-0.5782744121844116,0.04716422018348625,1
2019-11-11,0.0008153583870729175,-0.5138703420519698,0.023671096345514897,0.6282999604143853,0.25388749999999993,1
2019-11-12,0.004517849207524627,0.24387287236225696,0.014053897421037354,-0.2612461831355911,0.2269396226415095,0
2019-11-13,0.00634078006340788,0.16271950757240972,-0.011315902271753053,0.11869372824207458,0.19457488789237665,1
2019-11-14,0.010257161696827444,0.4702773548234307,0.009740165900748554,-0.2569111504992597,0.19785396226415092,1
2019-11-15,-0.000870258902023191,-0.5079268371844381,0.008243645523242416,-0.2304729157515063,0.15592355769230767,0
2019-11-18,0.0020323727952384907,0.2707554288745522,-0.006416079945491648,-0.06614384300654386,-0.13390000000000002,1
2019-11-19,0.007968127490039834,0.09540031411019134,0.027258700497171162,0.7356730056112954,0.016270967741935486,0
2019-11-20,0.010204814947897933,0.16279584274097436,-0.019804183355585203,-0.1744545687126252,0.169825,1
2019-11-21,-0.005904531550117276,-0.21687251162390153,0.007291997729852451,-0.08130652695430451,0.2463032786885246,0
2019-11-22,0.001001860598253801,-0.19346316405655684,-0.06191993288441233,1.8682317194704416,0.15493089430894308,1
2019-11-25,0.003217043179868595,-0.10693006582086062,0.009942941229466262,-0.2924327725984778,0.14235049504950492,0
2019-11-26,0.005843369201168569,-0.12366129240135759,-0.021917574410297513,-0.3514677035382895,0.11066326530612244,1
2019-11-27,-0.003046404534183589,0.1060190632266016,0.006445140303408037,-0.28232429002446924,0.1132984210526315,0
2019-11-29,-0.0020608300170550375,0.3920904536136329,-0.0030508986557921114,-0.5724419184350379,0.0693421568627451,1
2019-12-02,-0.014954069643238532,1.0505149115590098,0.014604290389043761,1.5982736058755482,-0.13319318181818182,1
2019-12-03,0.020791585339405616,0.01651265063470375,0.0036433136236038166,0.07733586903154732,0.08194672131147543,0
2019-12-04,-0.010028603580157003,-0.3657457795934014,-0.009194239466793541,-0.17730166570965045,0.16232760736196333,0
2019-12-05,-0.004506760140210231,-0.11437501935359562,-0.00795819694285127,-0.34215325686262854,0.19067362637362648,1
2019-12-06,-0.005892497844208089,-0.01827788030719224,0.016679784464491254,1.1562925754619977,0.2413006849315069,1
2019-12-09,0.00238542720832724,-0.4694430094594686,0.010570195027541862,0.11061506064714921,0.1252684210526315,1
2019-12-10,-0.0001442273022281837,0.37038417144288527,0.02778432527990571,0.031401743950192795,0.13517321428571422,1
2019-12-11,0.007861521817526196,0.1774833851348976,0.010520884098271344,-0.2204038050613557,0.15509875776397514,1
2019-12-12,-0.016172892514670245,1.6983341872012265,0.02034042553191484,0.15052118350769272,0.21264193548387092,0
2019-12-13,0.011347105033459481,-0.2545673909609575,-0.0036144243334167436,-0.18493015416052527,0.1812403846153846,1
2019-12-16,-0.008918296892980293,-0.15879873367468933,0.0645701370092362,1.7800389189605252,0.19307291666666668,0
2019-12-17,-0.0014513788098694524,-0.3280851310864834,-0.006814762391549323,-0.5360091068398205,0.2014015625,1
2019-12-18,-0.008066860465116177,-0.03957088831925326,0.037449252474399675,0.6451273076219728,0.18276611570247933,1
2019-12-19,-0.00021979632207491662,0.08601518374661765,0.02777919104553539,0.3123433167537033,0.2582636986301369,1
2019-12-20,0.001392349406419413,-0.29263817800602543,0.003786941240532693,-0.2315899066728041,0.21055872093023253,1
2019-12-23,-0.0016831320892792823,0.10402658751398075,0.033608679570952926,-0.04575478375202502,0.396404,1
2019-12-24,0.0028588183550799506,-0.18838557490408003,0.014313660002862827,-0.38485669876337736,0.4203769230769232,1
2019-12-26,0.0023390103062641554,0.13571008498648895,0.013265440519309557,0.2933299699182006,0.4644511627906978,0
2019-12-27,0.0014584700649020732,0.15253911458946767,-0.0013699450490017862,-0.09092560180324805,0.3509505494505494,0
2019-12-30,-0.0035680477681497846,0.3884285677369035,-0.036282918438974576,0.31190265236897763,0.07337789473684213,1
2019-12-31,-0.009500146156094846,0.38803761689714733,0.00856205682311506,-0.1920905053653782,0.032869696969696965,1
2020-01-02,0.010882396340563538,-0.03209359146034607,0.028863859196020636,-0.06635695457447843,-0.032813333333333354,1
2020-01-03,0.015290296682845206,0.1015202012717602,0.029076794347340895,0.8004939326578955,0.10485742574257433,1
2020-01-06,-0.005463302422543448,-0.09075483458748768,0.019537210615471423,-0.4023491758864729,0.40157894736842104,1
2020-01-07,-0.00513191181785333,-0.27779034661954805,0.03936618534200598,0.7191243767620616,0.30887499999999984,1
2020-01-08,-0.006320836965998056,0.4577408508300729,0.04885222840335057,0.7677889968152742,0.3373005434782607,0
2020-01-09,0.003472983841485755,-0.2847472985722742,-0.02154077506147245,-0.09738917163891259,0.321739664804469,0
2020-01-10,0.008634194324019129,-0.08811478632170577,-0.007331408751999113,-0.5403393943692448,0.35980103092783505,1
2020-01-13,-0.003178501769847575,-0.14024406900297415,0.09810444388651773,1.0646940216147054,0.36045,1
2020-01-14,0.005362707442568171,1.1697005143042247,0.025054777555491903,0.05921533984586014,0.2973819767441861,0
2020-01-15,0.0064874216103223414,-0.5280532191814385,-0.036236059479553884,-0.3912407147197067,0.29336,0
2020-01-16,-0.003079567428203145,-0.19088630116232752,-0.009672037878130313,0.21905752777546783,0.17799402985074622,0
2020-01-17,-0.008117816091953944,0.6779445254974046,-0.006426610060565996,-0.37627316369643304,0.10267272727272732,1
2020-01-21,0.009922503078148903,0.43803675905800055,0.07273897959583686,1.636479415960709,0.21298000000000003,1
2020-01-22,0.003729202524383357,0.04777989484132972,0.04043353132930383,0.8085586377234368,0.2518824324324324,1
2020-01-23,0.006859102600742961,0.3098984469614927,0.00441178020125399,-0.3729974066434881,0.2305494623655912,0
2020-01-24,0.008302583025830312,0.055192837182210575,-0.01220787694980352,-0.2703292316325303,0.20284540540540535,0
2020-01-27,0.015342388626926606,-0.4101645714117559,-0.013133673180402261,-0.5491334147342017,0.10265142857142856,1
2020-01-28,-0.0078325362168159,-0.15065527487203356,0.016644545682821033,-0.09898333614772048,0.19122203389830508,1
2020-01-29,0.00985049601788468,-0.03704177793093677,0.02501676017077714,0.19446372072251883,0.23960576923076926,1
2020-01-30,0.00013836042891712808,0.4213504521586189,0.10314974182444048,1.0260140084544602,0.2957879518072287,1
2020-01-31,0.008784671785294407,-0.03465709174300524,0.014900223113288646,-0.4387442163441808,0.2835607843137254,1
2020-02-03,-0.001988480526604497,0.08668946771708219,0.19954495142048945,2.0018737566418077,0.3399264705882352,1
2020-02-04,-0.013740982480247355,-0.198619414249535,0.137694161070385,0.19030977324796172,0.3594098901098901,0
2020-02-05,-0.01065830721003136,0.03766338118420953,-0.17235164240976886,-0.1696502836599154,0.2331300578034681,1
2020-02-06,0.004928883255879368,-0.4200018777025285,0.018755444250871056,-0.14140870854056053,0.19647068062827214,0
2020-02-07,0.011911434977578406,0.7296227547407477,-0.0006936539746158488,-0.5750198575788159,0.13960179640718562,1
2020-02-10,0.002769699487605637,-0.3802628016441194,0.030570169715586237,0.42464156529413577,0.19507745098039214,1
2020-02-11,-0.00497168899323297,0.14972585400048066,0.0041166421287137656,-0.5189838425155742,0.02214196428571429,0
2020-02-12,-0.004788341429562748,-0.3526749924182081,-0.008501072323712444,0.0013647399157306062,-0.009641592920353985,1
2020-02-13,0.003416777072728694,0.49672349138059935,0.04745647868237257,1.229356299877899,0.04543166666666668,0
2020-02-14,0.004447533009033888,-0.19141587568830432,-0.004836165501455492,-0.4280856536784938,0.21852786885245906,1
2020-02-18,0.006503390065033976,0.052109844697287855,0.0733620309900691,0.022593165846737318,0.2077032786885246,1
2020-02-19,0.00020621391256536725,-0.13278895034044813,0.06789648987957997,0.6210326778808459,0.2700605263157894,0
2020-02-20,0.007834513091883766,0.4630161647241542,-0.01939015878555239,-0.2899704036910168,0.30587649769585235,1
2020-02-21,0.009137401977497461,0.6770877482760385,0.002024066371583144,-0.203437507013829,0.31041493212669674,0
2020-02-24,0.015406446381512229,0.13726158544970768,-0.07529411764705884,0.054537676313554106,0.14370333333333335,0
2020-02-25,0.005822852199374395,0.21418783319739743,-0.04086850064813474,0.1838365659058101,-0.14435294117647055,0
2020-02-26,-0.005623738793873567,0.06365374070306351,-0.025415775049742906,-0.20574136354974648,-0.19393372781065085,0
2020-02-27,0.010612462157756353,0.509058659889142,-0.12833846944016425,0.7214920841400672,-0.06630542986425338,0
2020-02-28,0.02297715451971838,0.4947498698948962,-0.016822567577520875,0.01087898417920341,0.030351162790697668,1
2020-03-02,-0.009396318702535766,-0.39309270440900046,0.1142591732466327,-0.19255276047328562,-0.020636538461538463,1
2020-03-03,0.015852390852391096,0.5001528923781604,0.002447256249243468,0.27279959270248244,0.04806413043478263,1
2020-03-04,-0.010987464824763427,-0.42265958839874374,0.005352040884763376,-0.41098162276833994,0.12532959999999993,0
2020-03-05,0.02481861331333013,-0.26443540657096987,-0.03452968645763843,-0.2726986649925439,0.2188951456310679,0
2020-03-06,0.05224634023220598,8.06459568520423,-0.027956662336585558,1.339229964482875,0.21441473684210524,0
2020-03-09,0.028364116094987013,-0.7335800394433096,-0.1378040631797437,-0.3423276869613344,-0.01711956521739132,1
2020-03-10,-0.05236456936264511,-0.09357240883523044,0.06354912112917588,-0.05904036434769322,0.06374557823129251,0
2020-03-11,-0.03692080487354621,-0.2214865532234046,-0.017201550387596964,-0.12704841494281716,0.1016379487179487,0
2020-03-12,0.008945115328094166,-0.18289682927447715,-0.12288118882166887,0.37409770956804667,0.09913670212765957,0
2020-03-13,-0.025140903046038887,-0.157413344601958,-0.017643567561734352,0.20573872351718148,0.04983981481481479,0
2020-03-16,0.06375860724957771,1.6621832945946573,-0.1853165507140242,0.8065006128717254,-0.11813448275862072,0
2020-03-17,-0.06579951757198255,-0.683768003534039,-0.03366465152037135,-0.3978248715163226,-0.07487500000000001,0
2020-03-18,-0.05471303438357944,3.8224209987869724,-0.1590697674418604,0.7264579757436314,-0.06590743801652893,1
2020-03-19,0.02689993776364008,-0.7287776238391074,0.18167865044247788,-0.28152351724119984,-0.1276562189054727,1
2020-03-20,0.07057239057239051,-0.14112711284067536,0.0005499713312815402,-0.05342716429251215,-0.1381890995260664,1
2020-03-23,0.044156497672663386,0.03383575335852984,0.01581175590017092,-0.42567694337721873,0.04384912280701755,1
2020-03-24,-0.01689759036144578,-0.3888157343459262,0.16120564599691445,0.38904693366026954,0.14962542372881354,1
2020-03-25,-0.0038297741965134247,-0.07361050141771541,0.06915526472337885,-0.0912354332498404,0.16617828947368418,0
2020-03-26,0.004613397305776035,-0.025783132340683412,-0.020633375063754844,-0.1531416955420707,0.2348408602150538,0
2020-03-27,0.025961302963507293,0.06193032316634928,-0.02554682321749835,-0.18458339552550707,0.12557435897435892,0
2020-03-30,-0.007818095010742487,0.020716348934546103,-0.024214863184079505,-0.17975289630445246,0.0199375,1
2020-03-31,-0.007518796992481258,-0.05536191687220682,0.044572794264090776,0.471124813668522,0.17943698630136987,0
2020-04-01,0.013393939393939513,-0.13765417424942405,-0.08179530201342289,-0.23447273573194383,0.16799019607843135,0
2020-04-02,0.004485377668799639,-0.3643780327241467,-0.0562938660243365,0.22615365033908086,0.13449615384615388,1
2020-04-03,0.0033638961657538324,0.08466793352361957,0.056175325103967166,0.380224931491012,0.06895735294117646,1
2020-04-06,-0.0027592345349355396,1.7927509347579158,0.07550000000000012,0.29884015635178796,-0.039474509803921566,1
2020-04-07,-0.010293942639533427,-0.21507516519611425,0.05662095149542856,-0.3726478232197661,-0.01433305084745764,1
2020-04-08,-0.007515180664943166,0.2859213587307192,0.005921498890864685,0.40669048788030704,-0.05449578313253015,1
2020-04-09,0.0018173007026895949,-0.2843817923345551,0.044304720247858365,-0.47733026652192156,-0.04784642857142859,1
2020-04-13,-0.00894908695126373,-0.34838197002440696,0.1360882009039983,0.6614463501277494,-0.17583000000000004,1
2020-04-14,0.0004270896888345366,1.126014855575833,0.09027037132219706,1.7131206188033867,0.12790927835051547,1
2020-04-15,0.025187534305055825,-0.030500902271813346,0.027855245824263353,-0.24529489886322298,0.17142510822510806,1
2020-04-16,0.011778703152885317,0.37755481351923903,0.022109031433312554,0.32554376757785564,0.18006420233463016,1
2020-04-17,-0.013346660395108234,-0.27581190053722837,0.010722794538221114,-0.5768085654155273,0.1842280952380952,0
2020-04-20,0.008044812585662253,-0.27965557736947655,-0.009686193856564662,0.16850740584523605,0.03337777777777779,0
2020-04-21,0.0122369354457319,0.8420940515546962,-0.07989549139143837,1.0593506069917256,0.21676451612903214,1
2020-04-22,-0.010103369736611523,-0.3016068884892219,0.06615505591798687,-0.34644464917331685,0.18483875,0
2020-04-23,0.005486725663716774,0.08404775681885646,-0.03622208563818885,-0.0034381524946388575,0.2762716049382716,1
2020-04-24,0.0021709792876840606,-0.30691702189215864,0.027450646939614298,-0.34150080036540764,0.05375795454545452,1
2020-04-27,-0.018325526932084446,1.0580218967864305,0.10195862068965522,1.3284626816838938,0.0359607843137255,0
2020-04-28,0.011093218822687545,-0.6257168136648336,-0.03731287237770986,-0.751471283926288,0.09465428571428572,1
2020-04-29,-0.0050138618533592805,-0.09338217047360964,0.039955272977857614,-0.16730469434630602,0.16281370967741932,0
2020-04-30,-0.011026796300687813,1.4862486345714898,-0.023479695939187972,3.4409335839909794,0.1594549295774647,0
2020-05-01,0.006653878431842841,-0.574750137805168,-0.10210483189511688,-0.4090941059003842,0.15291082251082247,1
2020-05-04,-0.004644792473054271,0.7273591822054999,0.08541158688739658,0.15024110120699774,0.12095820895522387,1
2020-05-05,-0.006341609332934484,-0.5326276855205992,0.008998830808843783,-0.5527766536267583,0.1827441860465116,1
2020-05-06,-0.01589499668854244,2.7849553055569056,0.0187355154545219,0.3115907436414329,0.1878147058823529,0
2020-05-07,0.016212909146527954,-0.6667142644288148,-0.002856412550322762,-0.480564348408688,0.14049670329670333,1
2020-05-08,-0.012582781456953684,0.7193218243227815,0.05003108117634247,1.8015467886162528,0.08210666666666666,0
2020-05-11,-0.007743430278641439,0.11434699604943366,-0.010704913030210483,0.002414901149419446,-0.2766830769230769,0
2020-05-12,0.01001597640408014,-0.5572398159349252,-0.0015669726581778454,-0.5172768826640033,-0.20945454545454548,0
2020-05-13,0.0069355721847050855,0.12070241607188303,-0.02297302307188498,0.2221328303754453,-0.03589953703703698,1
2020-05-14,0.009908766841882688,0.09222390316955131,0.015709190255748684,-0.29046646430705847,-0.005005785123966944,0
2020-05-15,-0.0026323661381991714,0.5271046927369514,-0.004988543534568568,0.5450261219204438,0.05089959839357428,1
2020-05-18,-0.021774338671945226,-0.3240026046043426,0.018116876127924453,-0.4570727140427595,0.3435272727272727,0
2020-05-19,0.003648516065734686,-0.17311504441599201,-0.006773118953669943,-0.14934893211301958,0.3492666666666667,1
2020-05-20,0.0027798991904688375,1.6616067540889357,0.009232673267326685,0.47882976526526977,0.18088571428571426,1
2020-05-21,0.0026808018034485404,-0.23002881640123662,0.015071248129889803,0.7061019630145586,0.07314181818181822,0
2020-05-22,0.005347268639484648,-0.42199334804612065,-0.01371186952582304,-0.17430998290781696,0.012168275862068973,1
2020-05-26,-0.012802055001510992,-0.2543967984432961,0.0028662420382166154,-0.6125067015123016,-0.3899642857142857,1
2020-05-27,-0.0014810334049869534,0.10133984408771513,0.0014839875906882405,0.472522515406431,-0.15933541666666665,0
2020-05-28,-0.0040161873812005755,0.23876531342170315,-0.017049716142959137,-0.36766889203106057,0.02723892617449664,1
2020-05-29,0.0064949056545695605,0.4384852417117562,0.03500790967461764,0.5004436910188212,0.075,1
2020-06-01,-0.007523395926356424,-0.3227708977915238,0.07634287372009152,0.3267166776875634,0.10545599999999997,0
2020-06-02,-0.003759398496240518,-0.08664089775392703,-0.01834887929834339,-0.06534519823960183,0.1492948717948718,1
2020-06-03,-0.013052892050727016,1.7745863553259564,0.0012593601089176953,0.1756784539867542,0.04980618556701029,0
2020-06-04,-0.014479127491538235,-0.4684031903809309,-0.020668321038855075,-0.4350845148104112,0.06851874999999998,1
2020-06-05,-0.006996120333269684,0.3037389361013909,0.0243731704212804,-0.150091736387167,0.028516363636363624,1
2020-06-08,0.003650803817331738,0.1127344236580472,0.07128939892808939,2.5728530029877765,0.3618925,0
2020-06-09,0.01148691767708998,-0.09127440279806198,-0.00727249723232648,-0.1832303622400273,0.222376,1
2020-06-10,0.014763406940063062,-0.2303473226482472,0.08860006092066675,-0.20808702531365864,0.24199650349650345,0
2020-06-11,0.018900770952499313,1.3579027648421889,-0.05128325206297912,0.7294140674288994,0.2851986754966887,0
2020-06-12,-0.0023187698315840777,-0.8919600798330709,-0.03718596065445645,-0.8000992582431692,0.2814930379746835,1
2020-06-15,-0.006727828746177389,1.3685240338388693,0.05821094793057413,1.5375476219564725,0.326418918918919,0
2020-06-16,-0.01483990147783254,2.3226249800263115,-0.009326267978803982,0.7955396114707414,0.21990625000000014,1
2020-06-17,0.003500218763672791,-0.7334693799604468,0.009220486800949557,-0.6633831984614197,0.12706535947712416,1
2020-06-18,0.010775459358455253,0.9769102261580558,0.013588273299951492,1.06357691215993,0.1540013793103448,0
2020-06-19,0.0006162188809464286,-0.38242375908442783,-0.003436186530148766,-0.5736207720291077,0.20172397260273975,0
2020-06-22,0.00012316787781752048,-0.06976022454850817,-0.006026564858030992,-0.23083456174783357,0.2597933333333333,1
2020-06-23,-0.006572044334975491,0.12408663856536006,0.007159088623886367,-0.015283622258255414,0.14168144329896906,0
2020-06-24,0.010705207313830511,0.31431157758541617,-0.04074236766966832,0.782926231595803,-0.07577254901960788,1
2020-06-25,0.002576968694920412,-0.0989449278258343,0.02615392621116719,-0.1762308659524563,-0.19438011363636368,0
